<aetgt:getResponse xmlns:aetgt="http://schemas.active-endpoints.com/appmodules/repository/2010/10/avrepository.xsd"
                   xmlns:types1="http://schemas.active-endpoints.com/appmodules/repository/2010/10/avrepository.xsd">
   <types1:Item>
      <types1:EntryId>v49WPZ8DfYLnzYL-gt-24177095-2025-10-06T11:08:58.344Z::tf.xml</types1:EntryId>
      <types1:Name>tf_weekday_taskflow</types1:Name>
      <types1:MimeType>application/xml+taskflow</types1:MimeType>
      <types1:Description/>
      <types1:AppliesTo/>
      <types1:Tags/>
      <types1:VersionLabel>1.0</types1:VersionLabel>
      <types1:State>CURRENT</types1:State>
      <types1:ProcessGroup/>
      <types1:CreatedBy>shashiskyrocketflyer@gmail.com</types1:CreatedBy>
      <types1:CreationDate>2025-10-06T11:08:58Z</types1:CreationDate>
      <types1:ModifiedBy/>
      <types1:PublicationStatus>unpublished</types1:PublicationStatus>
      <types1:Entry>
         <taskflow xmlns="http://schemas.active-endpoints.com/appmodules/screenflow/2010/10/avosScreenflow.xsd"
                   xmlns:tfm="http://schemas.active-endpoints.com/appmodules/screenflow/2021/04/taskflowModel.xsd"
                   xmlns:list="urn:activevos:spi:list:functions"
                   displayName="tf_weekday_taskflow"
                   name="tf_weekday_taskflow"
                   overrideAPIName="false">
            <parameterSet xmlns="http://schemas.active-endpoints.com/appmodules/screenflow/2021/04/taskflowModel.xsd"/>
            <appliesTo/>
            <description/>
            <tags/>
            <generator>Informatica Process Designer 11</generator>
            <tempFields>
               <field description="" name="Data Task 1" type="reference">
                  <options>
                     <option name="failOnNotRun">false</option>
                     <option name="failOnFault">false</option>
                     <option name="referenceTo">$po:mct-Dynamic-lookup-cache-1QKRIzQ5DkUcZtHM5MxEsI</option>
                  </options>
               </field>
               <field description="" name="Data Task 2" type="reference">
                  <options>
                     <option name="failOnNotRun">false</option>
                     <option name="failOnFault">false</option>
                     <option name="referenceTo">$po:mct-Load-4th-record-eLoHJC1aZ2EeJ7Z7Ft2MUv</option>
                  </options>
               </field>
               <field description="" name="Data Task 3" type="reference">
                  <options>
                     <option name="failOnNotRun">false</option>
                     <option name="failOnFault">false</option>
                     <option name="referenceTo">$po:PowerCenter-Task1-6xe7RPgQriPjEXo5lbjPAP</option>
                  </options>
               </field>
               <field description="" name="Data Task 4" type="reference">
                  <options>
                     <option name="failOnNotRun">false</option>
                     <option name="failOnFault">false</option>
                     <option name="referenceTo">$po:mct-m-SCD-Type2-Flag-b2dzxQ2zF0eaZSy9YlEuIn</option>
                  </options>
               </field>
               <field description="" name="Data Task 5" type="reference">
                  <options>
                     <option name="failOnNotRun">false</option>
                     <option name="failOnFault">false</option>
                     <option name="referenceTo">$po:mct-m-SCD-Type2-Date-MD5-3O71BulSPaRjYqsIuf08eg</option>
                  </options>
               </field>
            </tempFields>
            <notes/>
            <deployment skipIfRunning="false" suspendOnFault="false" tracingLevel="verbose">
               <rest/>
            </deployment>
            <extData>
               <nvpair name="treatEmptyStringAsNotNull">false</nvpair>
               <nvpair name="treatEmptyObjectListAsArray">false</nvpair>
            </extData>
            <flow id="a">
               <start id="b">
                  <link id="mc1ep8cn" targetId="mc1ep8cm"/>
               </start>
               <container id="mc1ep8cm" type="exclusive">
                  <title>Decision 1</title>
                  <flow id="mc1ep8cq">
                     <eventContainer id="mc1ep8me">
                        <service id="mc1ep8k3">
                           <title>Data Task 1</title>
                           <serviceName>ICSExecuteDataTask</serviceName>
                           <serviceGUID/>
                           <serviceInput>
                              <parameter name="Wait for Task to Complete" source="constant" updatable="true">true</parameter>
                              <parameter name="Max Wait" source="constant" updatable="true">604800</parameter>
                              <parameter name="Task Name" source="constant" updatable="true">mct_Dynamic_lookup_cache</parameter>
                              <parameter name="GUID" source="constant" updatable="true">1QKRIzQ5DkUcZtHM5MxEsI</parameter>
                              <parameter name="Task Type" source="constant" updatable="true">MCT</parameter>
                              <parameter name="Has Inout Parameters" source="constant" updatable="true">false</parameter>
                              <parameter name="taskField" source="nested">
                                 <operation source="field" to="mct-Dynamic-lookup-cache-1QKRIzQ5DkUcZtHM5MxEsI">temp.Data Task 1</operation>
                              </parameter>
                           </serviceInput>
                           <serviceOutput>
                              <operation source="field" to="temp.Data Task 1/output/Object_Name">Object Name</operation>
                              <operation source="field" to="temp.Data Task 1/output/Run_Id">Run Id</operation>
                              <operation source="field" to="temp.Data Task 1/output/Log_Id">Log Id</operation>
                              <operation source="field" to="temp.Data Task 1/output/Task_Id">Task Id</operation>
                              <operation source="field" to="temp.Data Task 1/output/Task_Status">Task Status</operation>
                              <operation source="field" to="temp.Data Task 1/output/Success_Source_Rows">Success Source Rows</operation>
                              <operation source="field" to="temp.Data Task 1/output/Failed_Source_Rows">Failed Source Rows</operation>
                              <operation source="field" to="temp.Data Task 1/output/Success_Target_Rows">Success Target Rows</operation>
                              <operation source="field" to="temp.Data Task 1/output/Failed_Target_Rows">Failed Target Rows</operation>
                              <operation source="field" to="temp.Data Task 1/output/Start_Time">Start Time</operation>
                              <operation source="field" to="temp.Data Task 1/output/End_Time">End Time</operation>
                              <operation source="field" to="temp.Data Task 1/output/Error_Message">Error Message</operation>
                              <operation source="field" to="temp.Data Task 1/output/TotalTransErrors">Total Transformation Errors</operation>
                              <operation source="field" to="temp.Data Task 1/output/FirstErrorCode">First Error Code</operation>
                           </serviceOutput>
                        </service>
                        <events>
                           <catch faultField="temp.Data Task 1/fault"
                                  id="mc1ep8mc"
                                  interrupting="true"
                                  name="error">
                              <suspend/>
                           </catch>
                           <catch faultField="temp.Data Task 1/fault"
                                  id="mc1ep8md"
                                  interrupting="true"
                                  name="warning"/>
                        </events>
                     </eventContainer>
                     <link id="mc1ep8cr" targetId="mc1ep8cm" type="containerLink"/>
                  </flow>
                  <flow id="mc1ep8ct">
                     <eventContainer id="mc1ep8nn">
                        <service id="mc1ep8kd">
                           <title>Data Task 2</title>
                           <serviceName>ICSExecuteDataTask</serviceName>
                           <serviceGUID/>
                           <serviceInput>
                              <parameter name="Wait for Task to Complete" source="constant" updatable="true">true</parameter>
                              <parameter name="Max Wait" source="constant" updatable="true">604800</parameter>
                              <parameter name="Task Name" source="constant" updatable="true">mct_Load_4th_record</parameter>
                              <parameter name="GUID" source="constant" updatable="true">eLoHJC1aZ2EeJ7Z7Ft2MUv</parameter>
                              <parameter name="Task Type" source="constant" updatable="true">MCT</parameter>
                              <parameter name="Has Inout Parameters" source="constant" updatable="true">false</parameter>
                              <parameter name="taskField" source="nested">
                                 <operation source="field" to="mct-Load-4th-record-eLoHJC1aZ2EeJ7Z7Ft2MUv">temp.Data Task 2</operation>
                              </parameter>
                           </serviceInput>
                           <serviceOutput>
                              <operation source="field" to="temp.Data Task 2/output/Object_Name">Object Name</operation>
                              <operation source="field" to="temp.Data Task 2/output/Run_Id">Run Id</operation>
                              <operation source="field" to="temp.Data Task 2/output/Log_Id">Log Id</operation>
                              <operation source="field" to="temp.Data Task 2/output/Task_Id">Task Id</operation>
                              <operation source="field" to="temp.Data Task 2/output/Task_Status">Task Status</operation>
                              <operation source="field" to="temp.Data Task 2/output/Success_Source_Rows">Success Source Rows</operation>
                              <operation source="field" to="temp.Data Task 2/output/Failed_Source_Rows">Failed Source Rows</operation>
                              <operation source="field" to="temp.Data Task 2/output/Success_Target_Rows">Success Target Rows</operation>
                              <operation source="field" to="temp.Data Task 2/output/Failed_Target_Rows">Failed Target Rows</operation>
                              <operation source="field" to="temp.Data Task 2/output/Start_Time">Start Time</operation>
                              <operation source="field" to="temp.Data Task 2/output/End_Time">End Time</operation>
                              <operation source="field" to="temp.Data Task 2/output/Error_Message">Error Message</operation>
                              <operation source="field" to="temp.Data Task 2/output/TotalTransErrors">Total Transformation Errors</operation>
                              <operation source="field" to="temp.Data Task 2/output/FirstErrorCode">First Error Code</operation>
                           </serviceOutput>
                        </service>
                        <events>
                           <catch faultField="temp.Data Task 2/fault"
                                  id="mc1ep8nl"
                                  interrupting="true"
                                  name="error">
                              <suspend/>
                           </catch>
                           <catch faultField="temp.Data Task 2/fault"
                                  id="mc1ep8nm"
                                  interrupting="true"
                                  name="warning"/>
                        </events>
                     </eventContainer>
                     <link id="mc1ep8cu" targetId="mc1ep8cm" type="containerLink"/>
                  </flow>
                  <flow id="mc1ep8jn">
                     <eventContainer id="mc1ep8ov">
                        <service id="mc1ep8kn">
                           <title>Data Task 3</title>
                           <serviceName>ICSExecuteDataTask</serviceName>
                           <serviceGUID/>
                           <serviceInput>
                              <parameter name="Wait for Task to Complete" source="constant" updatable="true">true</parameter>
                              <parameter name="Max Wait" source="constant" updatable="true">604800</parameter>
                              <parameter name="Task Name" source="constant" updatable="true">PowerCenter Task1</parameter>
                              <parameter name="GUID" source="constant" updatable="true">6xe7RPgQriPjEXo5lbjPAP</parameter>
                              <parameter name="Task Type" source="constant" updatable="true">SAAS_PCTASK</parameter>
                              <parameter name="Has Inout Parameters" source="constant" updatable="true">false</parameter>
                              <parameter name="taskField" source="nested">
                                 <operation source="field" to="PowerCenter-Task1-6xe7RPgQriPjEXo5lbjPAP">temp.Data Task 3</operation>
                              </parameter>
                           </serviceInput>
                           <serviceOutput>
                              <operation source="field" to="temp.Data Task 3/output/Object_Name">Object Name</operation>
                              <operation source="field" to="temp.Data Task 3/output/Run_Id">Run Id</operation>
                              <operation source="field" to="temp.Data Task 3/output/Log_Id">Log Id</operation>
                              <operation source="field" to="temp.Data Task 3/output/Task_Id">Task Id</operation>
                              <operation source="field" to="temp.Data Task 3/output/Task_Status">Task Status</operation>
                              <operation source="field" to="temp.Data Task 3/output/Success_Source_Rows">Success Source Rows</operation>
                              <operation source="field" to="temp.Data Task 3/output/Failed_Source_Rows">Failed Source Rows</operation>
                              <operation source="field" to="temp.Data Task 3/output/Success_Target_Rows">Success Target Rows</operation>
                              <operation source="field" to="temp.Data Task 3/output/Failed_Target_Rows">Failed Target Rows</operation>
                              <operation source="field" to="temp.Data Task 3/output/Start_Time">Start Time</operation>
                              <operation source="field" to="temp.Data Task 3/output/End_Time">End Time</operation>
                              <operation source="field" to="temp.Data Task 3/output/Error_Message">Error Message</operation>
                              <operation source="field" to="temp.Data Task 3/output/TotalTransErrors">Total Transformation Errors</operation>
                              <operation source="field" to="temp.Data Task 3/output/FirstErrorCode">First Error Code</operation>
                           </serviceOutput>
                        </service>
                        <events>
                           <catch faultField="temp.Data Task 3/fault"
                                  id="mc1ep8ot"
                                  interrupting="true"
                                  name="error">
                              <suspend/>
                           </catch>
                           <catch faultField="temp.Data Task 3/fault"
                                  id="mc1ep8ou"
                                  interrupting="true"
                                  name="warning"/>
                        </events>
                     </eventContainer>
                     <link id="mc1ep8jo" targetId="mc1ep8cm" type="containerLink"/>
                  </flow>
                  <flow id="mc1ep8jp">
                     <eventContainer id="mc1ep8q3">
                        <service id="mc1ep8kx">
                           <title>Data Task 4</title>
                           <serviceName>ICSExecuteDataTask</serviceName>
                           <serviceGUID/>
                           <serviceInput>
                              <parameter name="Wait for Task to Complete" source="constant" updatable="true">true</parameter>
                              <parameter name="Max Wait" source="constant" updatable="true">604800</parameter>
                              <parameter name="Task Name" source="constant" updatable="true">mct_m_SCD_Type2_Flag</parameter>
                              <parameter name="GUID" source="constant" updatable="true">b2dzxQ2zF0eaZSy9YlEuIn</parameter>
                              <parameter name="Task Type" source="constant" updatable="true">MCT</parameter>
                              <parameter name="Has Inout Parameters" source="constant" updatable="true">false</parameter>
                              <parameter name="taskField" source="nested">
                                 <operation source="field" to="mct-m-SCD-Type2-Flag-b2dzxQ2zF0eaZSy9YlEuIn">temp.Data Task 4</operation>
                              </parameter>
                           </serviceInput>
                           <serviceOutput>
                              <operation source="field" to="temp.Data Task 4/output/Object_Name">Object Name</operation>
                              <operation source="field" to="temp.Data Task 4/output/Run_Id">Run Id</operation>
                              <operation source="field" to="temp.Data Task 4/output/Log_Id">Log Id</operation>
                              <operation source="field" to="temp.Data Task 4/output/Task_Id">Task Id</operation>
                              <operation source="field" to="temp.Data Task 4/output/Task_Status">Task Status</operation>
                              <operation source="field" to="temp.Data Task 4/output/Success_Source_Rows">Success Source Rows</operation>
                              <operation source="field" to="temp.Data Task 4/output/Failed_Source_Rows">Failed Source Rows</operation>
                              <operation source="field" to="temp.Data Task 4/output/Success_Target_Rows">Success Target Rows</operation>
                              <operation source="field" to="temp.Data Task 4/output/Failed_Target_Rows">Failed Target Rows</operation>
                              <operation source="field" to="temp.Data Task 4/output/Start_Time">Start Time</operation>
                              <operation source="field" to="temp.Data Task 4/output/End_Time">End Time</operation>
                              <operation source="field" to="temp.Data Task 4/output/Error_Message">Error Message</operation>
                              <operation source="field" to="temp.Data Task 4/output/TotalTransErrors">Total Transformation Errors</operation>
                              <operation source="field" to="temp.Data Task 4/output/FirstErrorCode">First Error Code</operation>
                           </serviceOutput>
                        </service>
                        <events>
                           <catch faultField="temp.Data Task 4/fault"
                                  id="mc1ep8q1"
                                  interrupting="true"
                                  name="error">
                              <suspend/>
                           </catch>
                           <catch faultField="temp.Data Task 4/fault"
                                  id="mc1ep8q2"
                                  interrupting="true"
                                  name="warning"/>
                        </events>
                     </eventContainer>
                     <link id="mc1ep8jq" targetId="mc1ep8cm" type="containerLink"/>
                  </flow>
                  <flow id="mc1ep8jr">
                     <eventContainer id="mc1ep8rc">
                        <service id="mc1ep8l7">
                           <title>Data Task 5</title>
                           <serviceName>ICSExecuteDataTask</serviceName>
                           <serviceGUID/>
                           <serviceInput>
                              <parameter name="Wait for Task to Complete" source="constant" updatable="true">true</parameter>
                              <parameter name="Max Wait" source="constant" updatable="true">604800</parameter>
                              <parameter name="Task Name" source="constant" updatable="true">mct_m_SCD_Type2_Date_MD5</parameter>
                              <parameter name="GUID" source="constant" updatable="true">3O71BulSPaRjYqsIuf08eg</parameter>
                              <parameter name="Task Type" source="constant" updatable="true">MCT</parameter>
                              <parameter name="Has Inout Parameters" source="constant" updatable="true">false</parameter>
                              <parameter name="taskField" source="nested">
                                 <operation source="field" to="mct-m-SCD-Type2-Date-MD5-3O71BulSPaRjYqsIuf08eg">temp.Data Task 5</operation>
                              </parameter>
                           </serviceInput>
                           <serviceOutput>
                              <operation source="field" to="temp.Data Task 5/output/Object_Name">Object Name</operation>
                              <operation source="field" to="temp.Data Task 5/output/Run_Id">Run Id</operation>
                              <operation source="field" to="temp.Data Task 5/output/Log_Id">Log Id</operation>
                              <operation source="field" to="temp.Data Task 5/output/Task_Id">Task Id</operation>
                              <operation source="field" to="temp.Data Task 5/output/Task_Status">Task Status</operation>
                              <operation source="field" to="temp.Data Task 5/output/Success_Source_Rows">Success Source Rows</operation>
                              <operation source="field" to="temp.Data Task 5/output/Failed_Source_Rows">Failed Source Rows</operation>
                              <operation source="field" to="temp.Data Task 5/output/Success_Target_Rows">Success Target Rows</operation>
                              <operation source="field" to="temp.Data Task 5/output/Failed_Target_Rows">Failed Target Rows</operation>
                              <operation source="field" to="temp.Data Task 5/output/Start_Time">Start Time</operation>
                              <operation source="field" to="temp.Data Task 5/output/End_Time">End Time</operation>
                              <operation source="field" to="temp.Data Task 5/output/Error_Message">Error Message</operation>
                              <operation source="field" to="temp.Data Task 5/output/TotalTransErrors">Total Transformation Errors</operation>
                              <operation source="field" to="temp.Data Task 5/output/FirstErrorCode">First Error Code</operation>
                           </serviceOutput>
                        </service>
                        <events>
                           <catch faultField="temp.Data Task 5/fault"
                                  id="mc1ep8ra"
                                  interrupting="true"
                                  name="error">
                              <suspend/>
                           </catch>
                           <catch faultField="temp.Data Task 5/fault"
                                  id="mc1ep8rb"
                                  interrupting="true"
                                  name="warning"/>
                        </events>
                     </eventContainer>
                     <link id="mc1ep8js" targetId="mc1ep8cm" type="containerLink"/>
                  </flow>
                  <flow id="mc1ep8jt">
                     <service id="mc1ep8lh">
                        <title>Notification Task 1</title>
                        <serviceName>emailNotificationService</serviceName>
                        <serviceGUID/>
                        <serviceInput>
                           <parameter name="Email To" source="constant">nicitacademy@gmail.com</parameter>
                           <parameter name="Email Cc" source="constant"/>
                           <parameter name="Email Bcc" source="constant"/>
                           <parameter name="Email Subject" source="constant">Today is weekend</parameter>
                           <parameter name="Email Content Type" source="constant">html</parameter>
                           <parameter name="Email Body" source="constant"> &lt;p&gt;Hi Team,&amp;nbsp;&lt;/p&gt;
&lt;p&gt;Today is weekend, no task for today.&amp;nbsp;&lt;/p&gt;
&lt;p&gt;&amp;nbsp;&lt;/p&gt;
&lt;p&gt;Thanks,&lt;/p&gt;
&lt;p&gt;ETL Support team&lt;/p&gt; </parameter>
                        </serviceInput>
                        <serviceOutput/>
                     </service>
                     <link id="mc1ep8ju" targetId="mc1ep8cm" type="containerLink"/>
                  </flow>
                  <link id="mc1ep8cp" targetId="mc1ep8cq" type="containerLink">
                     <condition source="formula">
                        <function name="string-equals">
                           <arg name="left" source="formula">{date:toChar(fn:current-dateTime(), 'DAY')}</arg>
                           <arg name="right">Monday</arg>
                        </function>
                     </condition>
                  </link>
                  <link id="mc1ep8cs" targetId="mc1ep8ct" type="containerLink">
                     <condition source="formula">
                        <function name="string-equals">
                           <arg name="left" source="formula">{date:toChar(fn:current-dateTime(), 'DAY')}</arg>
                           <arg name="right">Tuesday</arg>
                        </function>
                     </condition>
                  </link>
                  <link id="mc1ep8jj" targetId="mc1ep8jn" type="containerLink">
                     <condition source="formula">
                        <function name="string-equals">
                           <arg name="left" source="formula">{date:toChar(fn:current-dateTime(), 'DAY')}</arg>
                           <arg name="right">Wednesday</arg>
                        </function>
                     </condition>
                  </link>
                  <link id="mc1ep8jk" targetId="mc1ep8jp" type="containerLink">
                     <condition source="formula">
                        <function name="string-equals">
                           <arg name="left" source="formula">{date:toChar(fn:current-dateTime(), 'DAY')}</arg>
                           <arg name="right">Thursday</arg>
                        </function>
                     </condition>
                  </link>
                  <link id="mc1ep8jl" targetId="mc1ep8jr" type="containerLink">
                     <condition source="formula">
                        <function name="string-equals">
                           <arg name="left" source="formula">{date:toChar(fn:current-dateTime(), 'DAY')}</arg>
                           <arg name="right">Friday</arg>
                        </function>
                     </condition>
                  </link>
                  <link id="mc1ep8jm" targetId="mc1ep8jt" type="containerLink"/>
                  <link id="mc1ep8co" targetId="c"/>
               </container>
               <end id="c"/>
            </flow>
            <dependencies>
               <processObject xmlns="http://schemas.active-endpoints.com/appmodules/screenflow/2011/06/avosHostEnvironment.xsd"
                              displayName="mct-Dynamic-lookup-cache-1QKRIzQ5DkUcZtHM5MxEsI"
                              isByCopy="true"
                              name="mct-Dynamic-lookup-cache-1QKRIzQ5DkUcZtHM5MxEsI">
                  <description/>
                  <tags/>
                  <detail>
                     <field label="TaskProperties Parameters"
                            name="taskProperties"
                            nullable="true"
                            required="false"
                            type="reference"/>
                     <field label="Output Parameters"
                            name="output"
                            nullable="true"
                            required="false"
                            type="reference"/>
                     <field label="Fault"
                            name="fault"
                            nullable="true"
                            required="false"
                            type="reference"/>
                     <field label="Max Wait (Seconds)"
                            name="Max_Wait"
                            nullable="true"
                            required="false"
                            type="int"/>
                  </detail>
               </processObject>
               <processObject xmlns="http://schemas.active-endpoints.com/appmodules/screenflow/2011/06/avosHostEnvironment.xsd"
                              displayName="mct-Load-4th-record-eLoHJC1aZ2EeJ7Z7Ft2MUv"
                              isByCopy="true"
                              name="mct-Load-4th-record-eLoHJC1aZ2EeJ7Z7Ft2MUv">
                  <description/>
                  <tags/>
                  <detail>
                     <field label="TaskProperties Parameters"
                            name="taskProperties"
                            nullable="true"
                            required="false"
                            type="reference"/>
                     <field label="Output Parameters"
                            name="output"
                            nullable="true"
                            required="false"
                            type="reference"/>
                     <field label="Fault"
                            name="fault"
                            nullable="true"
                            required="false"
                            type="reference"/>
                     <field label="Max Wait (Seconds)"
                            name="Max_Wait"
                            nullable="true"
                            required="false"
                            type="int"/>
                  </detail>
               </processObject>
               <processObject xmlns="http://schemas.active-endpoints.com/appmodules/screenflow/2011/06/avosHostEnvironment.xsd"
                              displayName="PowerCenter-Task1-6xe7RPgQriPjEXo5lbjPAP"
                              isByCopy="true"
                              name="PowerCenter-Task1-6xe7RPgQriPjEXo5lbjPAP">
                  <description/>
                  <tags/>
                  <detail>
                     <field label="Output Parameters"
                            name="output"
                            nullable="true"
                            required="false"
                            type="reference"/>
                     <field label="Fault"
                            name="fault"
                            nullable="true"
                            required="false"
                            type="reference"/>
                     <field label="Max Wait (Seconds)"
                            name="Max_Wait"
                            nullable="true"
                            required="false"
                            type="int"/>
                  </detail>
               </processObject>
               <processObject xmlns="http://schemas.active-endpoints.com/appmodules/screenflow/2011/06/avosHostEnvironment.xsd"
                              displayName="mct-m-SCD-Type2-Flag-b2dzxQ2zF0eaZSy9YlEuIn"
                              isByCopy="true"
                              name="mct-m-SCD-Type2-Flag-b2dzxQ2zF0eaZSy9YlEuIn">
                  <description/>
                  <tags/>
                  <detail>
                     <field label="TaskProperties Parameters"
                            name="taskProperties"
                            nullable="true"
                            required="false"
                            type="reference"/>
                     <field label="Output Parameters"
                            name="output"
                            nullable="true"
                            required="false"
                            type="reference"/>
                     <field label="Fault"
                            name="fault"
                            nullable="true"
                            required="false"
                            type="reference"/>
                     <field label="Max Wait (Seconds)"
                            name="Max_Wait"
                            nullable="true"
                            required="false"
                            type="int"/>
                  </detail>
               </processObject>
               <processObject xmlns="http://schemas.active-endpoints.com/appmodules/screenflow/2011/06/avosHostEnvironment.xsd"
                              displayName="mct-m-SCD-Type2-Date-MD5-3O71BulSPaRjYqsIuf08eg"
                              isByCopy="true"
                              name="mct-m-SCD-Type2-Date-MD5-3O71BulSPaRjYqsIuf08eg">
                  <description/>
                  <tags/>
                  <detail>
                     <field label="TaskProperties Parameters"
                            name="taskProperties"
                            nullable="true"
                            required="false"
                            type="reference"/>
                     <field label="Output Parameters"
                            name="output"
                            nullable="true"
                            required="false"
                            type="reference"/>
                     <field label="Fault"
                            name="fault"
                            nullable="true"
                            required="false"
                            type="reference"/>
                     <field label="Max Wait (Seconds)"
                            name="Max_Wait"
                            nullable="true"
                            required="false"
                            type="int"/>
                  </detail>
               </processObject>
            </dependencies>
         </taskflow>
      </types1:Entry>
      <types1:GUID>jpp972rvMUAds21UiOlRSi</types1:GUID>
      <types1:DisplayName>tf_weekday_taskflow</types1:DisplayName>
   </types1:Item>
   <types1:CurrentServerDateTime>2025-10-19T08:31:21.669Z</types1:CurrentServerDateTime>
</aetgt:getResponse>
