objectPath,objectName,objectType,id
/Explore/Training,tf_Parallel_decision,TASKFLOW,5IFbnFyxczBg6iJtMejmeE
/SYS,Oracle_Source,Connection,hv83tk7XTWycumlgyaea4b
/Explore/Training,mct_Source_Transformation,MTT,3aikuhjfxQ0ePc1MFQrCof
/Explore/Training,PowerCenter Task4,PCS,dAx8lW5D22ijMQByGHGdSI
/Explore/Training,m_seq1,DTEMPLATE,8z8fFCbPBAieygBgg5vSwf
/Explore,Training,Project,dBcL6MGZJgieUHwol8Oz4u
/SYS,NIC,AgentGroup,3CNHn7EHKSxfWOUm6LkL0F
/Explore/Training,PowerCenter Task3,PCS,4V731ktR627ffO3f6m5KwP
/Explore/Training,m_Source_Transformation_Merck,DTEMPLATE,44DKbkmfbyZf0JoI1mGFkG
/SYS,Oracle_Target,Connection,5mcu5QF1xCngimeQA50jUf
/Explore/Training,mct_ins_delete_upd,MTT,6ChId99ncYdkATF3YOWs26
/Explore/Training,m_customer_ins_upd_delete,DTEMPLATE,7eLAwFdE2oecT0ge54ouqA
/Explore/Training,Shared Sequence1,SequenceGenerator,fZBAxyiuYkneTrTQX7lNag
/Explore/Training,mct_seq1,MTT,jDhpwcRgui8cp5Lb6HgmOM