{
  "name" : "tf_Parallel_decision-1760715887855",
  "sourceOrgId" : "3dsDMwTTIXkbBEjWg1rTwH",
  "sourceOrgName" : "Shashi IICS",
  "exportedObjects" : [ {
    "objectGuid" : "5IFbnFyxczBg6iJtMejmeE",
    "objectName" : "tf_Parallel_decision",
    "objectType" : "TASKFLOW",
    "path" : "/Explore/Training",
    "providerName" : null,
    "metadata" : {
      "modelVersion" : {
        "major" : 1,
        "minor" : 0
      },
      "repoInfo" : {
        "repoHandle" : "K1g7Gaaa-gt-24177028-2025-10-06T11:08:57.581Z::tf.xml"
      },
      "objectRefs" : [ "4V731ktR627ffO3f6m5KwP", "6ChId99ncYdkATF3YOWs26", "3aikuhjfxQ0ePc1MFQrCof", "jDhpwcRgui8cp5Lb6HgmOM", "dAx8lW5D22ijMQByGHGdSI" ],
      "contextAttributes" : null,
      "additionalInfo" : {
        "description" : "",
        "contentType" : "application/json; charset=utf-8",
        "documentState" : "INVALID"
      }
    }
  }, {
    "objectGuid" : "hv83tk7XTWycumlgyaea4b",
    "objectName" : "Oracle_Source",
    "objectType" : "Connection",
    "path" : "/SYS",
    "providerName" : null,
    "metadata" : {
      "modelVersion" : {
        "major" : 0,
        "minor" : 0
      },
      "repoInfo" : {
        "repoHandle" : "01DH6N0B00000000000I"
      },
      "objectRefs" : [ "3CNHn7EHKSxfWOUm6LkL0F" ],
      "contextAttributes" : [ {
        "name" : "id",
        "value" : "@1"
      } ],
      "additionalInfo" : {
        "description" : null,
        "contentType" : "JSON",
        "documentState" : "COMPLETE"
      }
    }
  }, {
    "objectGuid" : "3aikuhjfxQ0ePc1MFQrCof",
    "objectName" : "mct_Source_Transformation",
    "objectType" : "MTT",
    "path" : "/Explore/Training",
    "providerName" : null,
    "metadata" : {
      "modelVersion" : {
        "major" : 0,
        "minor" : 0
      },
      "repoInfo" : {
        "repoHandle" : "01DH6N0Z00000000001F"
      },
      "objectRefs" : [ "3CNHn7EHKSxfWOUm6LkL0F", "hv83tk7XTWycumlgyaea4b", "44DKbkmfbyZf0JoI1mGFkG", "5mcu5QF1xCngimeQA50jUf" ],
      "contextAttributes" : [ {
        "name" : "id",
        "value" : "@1"
      } ],
      "additionalInfo" : {
        "description" : null,
        "contentType" : "JSON",
        "documentState" : "VALID"
      }
    }
  }, {
    "objectGuid" : "dAx8lW5D22ijMQByGHGdSI",
    "objectName" : "PowerCenter Task4",
    "objectType" : "PCS",
    "path" : "/Explore/Training",
    "providerName" : null,
    "metadata" : {
      "modelVersion" : {
        "major" : 0,
        "minor" : 0
      },
      "repoInfo" : {
        "repoHandle" : "01DH6N0K000000000002"
      },
      "objectRefs" : [ "3CNHn7EHKSxfWOUm6LkL0F", "hv83tk7XTWycumlgyaea4b", "5mcu5QF1xCngimeQA50jUf" ],
      "contextAttributes" : [ {
        "name" : "id",
        "value" : "@1"
      } ],
      "additionalInfo" : {
        "description" : null,
        "contentType" : "JSON",
        "documentState" : "VALID"
      }
    }
  }, {
    "objectGuid" : "8z8fFCbPBAieygBgg5vSwf",
    "objectName" : "m_seq1",
    "objectType" : "DTEMPLATE",
    "path" : "/Explore/Training",
    "providerName" : null,
    "metadata" : {
      "modelVersion" : {
        "major" : 0,
        "minor" : 0
      },
      "repoInfo" : {
        "repoHandle" : "01DH6N1700000000002Y"
      },
      "objectRefs" : [ "hv83tk7XTWycumlgyaea4b", "5mcu5QF1xCngimeQA50jUf", "fZBAxyiuYkneTrTQX7lNag" ],
      "contextAttributes" : [ {
        "name" : "id",
        "value" : "@1"
      } ],
      "additionalInfo" : {
        "description" : "",
        "contentType" : "JSON",
        "documentState" : "VALID"
      }
    }
  }, {
    "objectGuid" : "dBcL6MGZJgieUHwol8Oz4u",
    "objectName" : "Training",
    "objectType" : "Project",
    "path" : "/Explore",
    "providerName" : null,
    "metadata" : {
      "modelVersion" : {
        "major" : 0,
        "minor" : 0
      },
      "repoInfo" : null,
      "objectRefs" : [ ],
      "contextAttributes" : [ ],
      "additionalInfo" : {
        "description" : "",
        "contentType" : "Binary",
        "documentState" : "COMPLETE"
      }
    }
  }, {
    "objectGuid" : "3CNHn7EHKSxfWOUm6LkL0F",
    "objectName" : "NIC",
    "objectType" : "AgentGroup",
    "path" : "/SYS",
    "providerName" : null,
    "metadata" : {
      "modelVersion" : {
        "major" : 0,
        "minor" : 0
      },
      "repoInfo" : {
        "repoHandle" : "01DH6N25000000000002"
      },
      "objectRefs" : [ ],
      "contextAttributes" : [ {
        "name" : "id",
        "value" : "@1"
      } ],
      "additionalInfo" : {
        "description" : null,
        "contentType" : "JSON",
        "documentState" : "VALID"
      }
    }
  }, {
    "objectGuid" : "4V731ktR627ffO3f6m5KwP",
    "objectName" : "PowerCenter Task3",
    "objectType" : "PCS",
    "path" : "/Explore/Training",
    "providerName" : null,
    "metadata" : {
      "modelVersion" : {
        "major" : 0,
        "minor" : 0
      },
      "repoInfo" : {
        "repoHandle" : "01DH6N0K000000000005"
      },
      "objectRefs" : [ "3CNHn7EHKSxfWOUm6LkL0F", "hv83tk7XTWycumlgyaea4b", "5mcu5QF1xCngimeQA50jUf" ],
      "contextAttributes" : [ {
        "name" : "id",
        "value" : "@1"
      } ],
      "additionalInfo" : {
        "description" : null,
        "contentType" : "JSON",
        "documentState" : "VALID"
      }
    }
  }, {
    "objectGuid" : "44DKbkmfbyZf0JoI1mGFkG",
    "objectName" : "m_Source_Transformation_Merck",
    "objectType" : "DTEMPLATE",
    "path" : "/Explore/Training",
    "providerName" : null,
    "metadata" : {
      "modelVersion" : {
        "major" : 0,
        "minor" : 0
      },
      "repoInfo" : {
        "repoHandle" : "01DH6N1700000000003O"
      },
      "objectRefs" : [ "hv83tk7XTWycumlgyaea4b", "5mcu5QF1xCngimeQA50jUf" ],
      "contextAttributes" : [ {
        "name" : "id",
        "value" : "@1"
      } ],
      "additionalInfo" : {
        "description" : "",
        "contentType" : "JSON",
        "documentState" : "VALID"
      }
    }
  }, {
    "objectGuid" : "5mcu5QF1xCngimeQA50jUf",
    "objectName" : "Oracle_Target",
    "objectType" : "Connection",
    "path" : "/SYS",
    "providerName" : null,
    "metadata" : {
      "modelVersion" : {
        "major" : 0,
        "minor" : 0
      },
      "repoInfo" : {
        "repoHandle" : "01DH6N0B00000000000G"
      },
      "objectRefs" : [ "3CNHn7EHKSxfWOUm6LkL0F" ],
      "contextAttributes" : [ {
        "name" : "id",
        "value" : "@1"
      } ],
      "additionalInfo" : {
        "description" : null,
        "contentType" : "JSON",
        "documentState" : "COMPLETE"
      }
    }
  }, {
    "objectGuid" : "6ChId99ncYdkATF3YOWs26",
    "objectName" : "mct_ins_delete_upd",
    "objectType" : "MTT",
    "path" : "/Explore/Training",
    "providerName" : null,
    "metadata" : {
      "modelVersion" : {
        "major" : 0,
        "minor" : 0
      },
      "repoInfo" : {
        "repoHandle" : "01DH6N0Z00000000000Z"
      },
      "objectRefs" : [ "3CNHn7EHKSxfWOUm6LkL0F", "hv83tk7XTWycumlgyaea4b", "7eLAwFdE2oecT0ge54ouqA", "5mcu5QF1xCngimeQA50jUf" ],
      "contextAttributes" : [ {
        "name" : "id",
        "value" : "@1"
      } ],
      "additionalInfo" : {
        "description" : null,
        "contentType" : "JSON",
        "documentState" : "VALID"
      }
    }
  }, {
    "objectGuid" : "7eLAwFdE2oecT0ge54ouqA",
    "objectName" : "m_customer_ins_upd_delete",
    "objectType" : "DTEMPLATE",
    "path" : "/Explore/Training",
    "providerName" : null,
    "metadata" : {
      "modelVersion" : {
        "major" : 0,
        "minor" : 0
      },
      "repoInfo" : {
        "repoHandle" : "01DH6N1700000000003R"
      },
      "objectRefs" : [ "hv83tk7XTWycumlgyaea4b", "5mcu5QF1xCngimeQA50jUf" ],
      "contextAttributes" : [ {
        "name" : "id",
        "value" : "@1"
      } ],
      "additionalInfo" : {
        "description" : "",
        "contentType" : "JSON",
        "documentState" : "VALID"
      }
    }
  }, {
    "objectGuid" : "fZBAxyiuYkneTrTQX7lNag",
    "objectName" : "Shared Sequence1",
    "objectType" : "SequenceGenerator",
    "path" : "/Explore/Training",
    "providerName" : null,
    "metadata" : {
      "modelVersion" : {
        "major" : 0,
        "minor" : 0
      },
      "repoInfo" : {
        "repoHandle" : "01DH6N42000000000004"
      },
      "objectRefs" : [ ],
      "contextAttributes" : [ {
        "name" : "id",
        "value" : "@1"
      } ],
      "additionalInfo" : {
        "description" : "",
        "contentType" : "JSON",
        "documentState" : "VALID"
      }
    }
  }, {
    "objectGuid" : "jDhpwcRgui8cp5Lb6HgmOM",
    "objectName" : "mct_seq1",
    "objectType" : "MTT",
    "path" : "/Explore/Training",
    "providerName" : null,
    "metadata" : {
      "modelVersion" : {
        "major" : 0,
        "minor" : 0
      },
      "repoInfo" : {
        "repoHandle" : "01DH6N0Z000000000010"
      },
      "objectRefs" : [ "3CNHn7EHKSxfWOUm6LkL0F", "hv83tk7XTWycumlgyaea4b", "5mcu5QF1xCngimeQA50jUf", "fZBAxyiuYkneTrTQX7lNag", "8z8fFCbPBAieygBgg5vSwf" ],
      "contextAttributes" : [ {
        "name" : "id",
        "value" : "@1"
      } ],
      "additionalInfo" : {
        "description" : null,
        "contentType" : "JSON",
        "documentState" : "VALID"
      }
    }
  } ]
}