<aetgt:getResponse xmlns:aetgt="http://schemas.active-endpoints.com/appmodules/repository/2010/10/avrepository.xsd"
                   xmlns:types1="http://schemas.active-endpoints.com/appmodules/repository/2010/10/avrepository.xsd">
   <types1:Item>
      <types1:EntryId>TA56UtLnzYLnzYL-gt-22301459-2025-10-06T11:08:59.737Z::tf.xml</types1:EntryId>
      <types1:Name>tf_refresh_persistent_cache</types1:Name>
      <types1:MimeType>application/xml+taskflow</types1:MimeType>
      <types1:Description/>
      <types1:AppliesTo/>
      <types1:Tags/>
      <types1:VersionLabel>1.0</types1:VersionLabel>
      <types1:State>CURRENT</types1:State>
      <types1:ProcessGroup/>
      <types1:CreatedBy>shashiskyrocketflyer@gmail.com</types1:CreatedBy>
      <types1:CreationDate>2025-10-06T11:09:00Z</types1:CreationDate>
      <types1:ModifiedBy>shashiskyrocketflyer@gmail.com</types1:ModifiedBy>
      <types1:ModificationDate>2025-10-18T22:09:51Z</types1:ModificationDate>
      <types1:PublicationStatus>unpublished</types1:PublicationStatus>
      <types1:Entry>
         <taskflow xmlns="http://schemas.active-endpoints.com/appmodules/screenflow/2010/10/avosScreenflow.xsd"
                   xmlns:tfm="http://schemas.active-endpoints.com/appmodules/screenflow/2021/04/taskflowModel.xsd"
                   xmlns:list="urn:activevos:spi:list:functions"
                   displayName="tf_Refresh_Persistent_Cache"
                   name="tf_refresh_persistent_cache"
                   overrideAPIName="true">
            <parameterSet xmlns="http://schemas.active-endpoints.com/appmodules/screenflow/2021/04/taskflowModel.xsd"/>
            <appliesTo/>
            <description/>
            <tags/>
            <generator>Informatica Process Designer 11</generator>
            <tempFields>
               <field description="" name="dt_Rebuild_Cache_Stage1" type="reference">
                  <options>
                     <option name="failOnNotRun">false</option>
                     <option name="failOnFault">false</option>
                     <option name="referenceTo">$po:mct-lookup-1-3wauN6wM7VGcnjHnnIptGm</option>
                  </options>
               </field>
               <field description="" name="dt_Rebuild_Cache_Stage2" type="reference">
                  <options>
                     <option name="failOnNotRun">false</option>
                     <option name="failOnFault">false</option>
                     <option name="referenceTo">$po:mct-lookup-2-atmED5CTaTrlH5N9FfenwM</option>
                  </options>
               </field>
            </tempFields>
            <notes/>
            <deployment skipIfRunning="false" suspendOnFault="false" tracingLevel="verbose">
               <rest/>
            </deployment>
            <extData>
               <nvpair name="treatEmptyStringAsNotNull">false</nvpair>
               <nvpair name="treatEmptyObjectListAsArray">false</nvpair>
            </extData>
            <flow id="a">
               <start id="b">
                  <link id="mcxbnxk5" targetId="mcxbnxky"/>
               </start>
               <eventContainer id="mcxbnxky">
                  <service id="mcxbnxk4">
                     <title>dt_Rebuild_Cache_Stage1</title>
                     <serviceName>ICSExecuteDataTask</serviceName>
                     <serviceGUID/>
                     <serviceInput>
                        <parameter name="Wait for Task to Complete" source="constant" updatable="true">true</parameter>
                        <parameter name="Max Wait" source="constant" updatable="true">604800</parameter>
                        <parameter name="Task Name" source="constant" updatable="true">mct_lookup_1</parameter>
                        <parameter name="GUID" source="constant" updatable="true">3wauN6wM7VGcnjHnnIptGm</parameter>
                        <parameter name="Task Type" source="constant" updatable="true">MCT</parameter>
                        <parameter name="Has Inout Parameters" source="constant" updatable="true">false</parameter>
                        <parameter name="taskField" source="nested">
                           <operation source="field" to="mct-lookup-1-3wauN6wM7VGcnjHnnIptGm">temp.dt_Rebuild_Cache_Stage1</operation>
                        </parameter>
                     </serviceInput>
                     <serviceOutput>
                        <operation source="field" to="temp.dt_Rebuild_Cache_Stage1/output/Object_Name">Object Name</operation>
                        <operation source="field" to="temp.dt_Rebuild_Cache_Stage1/output/Run_Id">Run Id</operation>
                        <operation source="field" to="temp.dt_Rebuild_Cache_Stage1/output/Log_Id">Log Id</operation>
                        <operation source="field" to="temp.dt_Rebuild_Cache_Stage1/output/Task_Id">Task Id</operation>
                        <operation source="field" to="temp.dt_Rebuild_Cache_Stage1/output/Task_Status">Task Status</operation>
                        <operation source="field"
                                   to="temp.dt_Rebuild_Cache_Stage1/output/Success_Source_Rows">Success Source Rows</operation>
                        <operation source="field"
                                   to="temp.dt_Rebuild_Cache_Stage1/output/Failed_Source_Rows">Failed Source Rows</operation>
                        <operation source="field"
                                   to="temp.dt_Rebuild_Cache_Stage1/output/Success_Target_Rows">Success Target Rows</operation>
                        <operation source="field"
                                   to="temp.dt_Rebuild_Cache_Stage1/output/Failed_Target_Rows">Failed Target Rows</operation>
                        <operation source="field" to="temp.dt_Rebuild_Cache_Stage1/output/Start_Time">Start Time</operation>
                        <operation source="field" to="temp.dt_Rebuild_Cache_Stage1/output/End_Time">End Time</operation>
                        <operation source="field" to="temp.dt_Rebuild_Cache_Stage1/output/Error_Message">Error Message</operation>
                        <operation source="field"
                                   to="temp.dt_Rebuild_Cache_Stage1/output/TotalTransErrors">Total Transformation Errors</operation>
                        <operation source="field" to="temp.dt_Rebuild_Cache_Stage1/output/FirstErrorCode">First Error Code</operation>
                     </serviceOutput>
                  </service>
                  <link id="mcxbnxkb" targetId="mcxbnxm1"/>
                  <events>
                     <catch faultField="temp.dt_Rebuild_Cache_Stage1/fault"
                            id="mcxbnxkw"
                            interrupting="true"
                            name="error">
                        <suspend/>
                     </catch>
                     <catch faultField="temp.dt_Rebuild_Cache_Stage1/fault"
                            id="mcxbnxkx"
                            interrupting="true"
                            name="warning"/>
                  </events>
               </eventContainer>
               <eventContainer id="mcxbnxm1">
                  <service id="mcxbnxka">
                     <title>dt_Rebuild_Cache_Stage2</title>
                     <serviceName>ICSExecuteDataTask</serviceName>
                     <serviceGUID/>
                     <serviceInput>
                        <parameter name="Wait for Task to Complete" source="constant" updatable="true">true</parameter>
                        <parameter name="Max Wait" source="constant" updatable="true">604800</parameter>
                        <parameter name="Task Name" source="constant" updatable="true">mct_lookup_2</parameter>
                        <parameter name="GUID" source="constant" updatable="true">atmED5CTaTrlH5N9FfenwM</parameter>
                        <parameter name="Task Type" source="constant" updatable="true">MCT</parameter>
                        <parameter name="Has Inout Parameters" source="constant" updatable="true">false</parameter>
                        <parameter name="taskField" source="nested">
                           <operation source="field" to="mct-lookup-2-atmED5CTaTrlH5N9FfenwM">temp.dt_Rebuild_Cache_Stage2</operation>
                        </parameter>
                     </serviceInput>
                     <serviceOutput>
                        <operation source="field" to="temp.dt_Rebuild_Cache_Stage2/output/Object_Name">Object Name</operation>
                        <operation source="field" to="temp.dt_Rebuild_Cache_Stage2/output/Run_Id">Run Id</operation>
                        <operation source="field" to="temp.dt_Rebuild_Cache_Stage2/output/Log_Id">Log Id</operation>
                        <operation source="field" to="temp.dt_Rebuild_Cache_Stage2/output/Task_Id">Task Id</operation>
                        <operation source="field" to="temp.dt_Rebuild_Cache_Stage2/output/Task_Status">Task Status</operation>
                        <operation source="field"
                                   to="temp.dt_Rebuild_Cache_Stage2/output/Success_Source_Rows">Success Source Rows</operation>
                        <operation source="field"
                                   to="temp.dt_Rebuild_Cache_Stage2/output/Failed_Source_Rows">Failed Source Rows</operation>
                        <operation source="field"
                                   to="temp.dt_Rebuild_Cache_Stage2/output/Success_Target_Rows">Success Target Rows</operation>
                        <operation source="field"
                                   to="temp.dt_Rebuild_Cache_Stage2/output/Failed_Target_Rows">Failed Target Rows</operation>
                        <operation source="field" to="temp.dt_Rebuild_Cache_Stage2/output/Start_Time">Start Time</operation>
                        <operation source="field" to="temp.dt_Rebuild_Cache_Stage2/output/End_Time">End Time</operation>
                        <operation source="field" to="temp.dt_Rebuild_Cache_Stage2/output/Error_Message">Error Message</operation>
                        <operation source="field"
                                   to="temp.dt_Rebuild_Cache_Stage2/output/TotalTransErrors">Total Transformation Errors</operation>
                        <operation source="field" to="temp.dt_Rebuild_Cache_Stage2/output/FirstErrorCode">First Error Code</operation>
                     </serviceOutput>
                  </service>
                  <link id="mcxbnxkc" targetId="c"/>
                  <events>
                     <catch faultField="temp.dt_Rebuild_Cache_Stage2/fault"
                            id="mcxbnxlz"
                            interrupting="true"
                            name="error">
                        <suspend/>
                     </catch>
                     <catch faultField="temp.dt_Rebuild_Cache_Stage2/fault"
                            id="mcxbnxm0"
                            interrupting="true"
                            name="warning"/>
                  </events>
               </eventContainer>
               <end id="c"/>
            </flow>
            <dependencies>
               <processObject xmlns="http://schemas.active-endpoints.com/appmodules/screenflow/2011/06/avosHostEnvironment.xsd"
                              displayName="mct-lookup-1-3wauN6wM7VGcnjHnnIptGm"
                              isByCopy="true"
                              name="mct-lookup-1-3wauN6wM7VGcnjHnnIptGm">
                  <description/>
                  <tags/>
                  <detail>
                     <field label="TaskProperties Parameters"
                            name="taskProperties"
                            nullable="true"
                            required="false"
                            type="reference"/>
                     <field label="Output Parameters"
                            name="output"
                            nullable="true"
                            required="false"
                            type="reference"/>
                     <field label="Fault"
                            name="fault"
                            nullable="true"
                            required="false"
                            type="reference"/>
                     <field label="Max Wait (Seconds)"
                            name="Max_Wait"
                            nullable="true"
                            required="false"
                            type="int"/>
                  </detail>
               </processObject>
               <processObject xmlns="http://schemas.active-endpoints.com/appmodules/screenflow/2011/06/avosHostEnvironment.xsd"
                              displayName="mct-lookup-2-atmED5CTaTrlH5N9FfenwM"
                              isByCopy="true"
                              name="mct-lookup-2-atmED5CTaTrlH5N9FfenwM">
                  <description/>
                  <tags/>
                  <detail>
                     <field label="TaskProperties Parameters"
                            name="taskProperties"
                            nullable="true"
                            required="false"
                            type="reference"/>
                     <field label="Output Parameters"
                            name="output"
                            nullable="true"
                            required="false"
                            type="reference"/>
                     <field label="Fault"
                            name="fault"
                            nullable="true"
                            required="false"
                            type="reference"/>
                     <field label="Max Wait (Seconds)"
                            name="Max_Wait"
                            nullable="true"
                            required="false"
                            type="int"/>
                  </detail>
               </processObject>
            </dependencies>
         </taskflow>
      </types1:Entry>
      <types1:GUID>2sX8495ZZtodbKT4xAcLeA</types1:GUID>
      <types1:DisplayName>tf_Refresh_Persistent_Cache</types1:DisplayName>
   </types1:Item>
   <types1:CurrentServerDateTime>2025-10-18T22:12:19.758Z</types1:CurrentServerDateTime>
</aetgt:getResponse>
