<aetgt:getResponse xmlns:aetgt="http://schemas.active-endpoints.com/appmodules/repository/2010/10/avrepository.xsd"
                   xmlns:types1="http://schemas.active-endpoints.com/appmodules/repository/2010/10/avrepository.xsd">
   <types1:Item>
      <types1:EntryId>y0zFMi4tciSrZMS-gt-22301581-2025-10-06T11:09:02.399Z::tf.xml</types1:EntryId>
      <types1:Name>tf_Parameter_Driven_Orchestration</types1:Name>
      <types1:MimeType>application/xml+taskflow</types1:MimeType>
      <types1:Description/>
      <types1:AppliesTo/>
      <types1:Tags/>
      <types1:VersionLabel>1.0</types1:VersionLabel>
      <types1:State>CURRENT</types1:State>
      <types1:ProcessGroup/>
      <types1:CreatedBy>shashiskyrocketflyer@gmail.com</types1:CreatedBy>
      <types1:CreationDate>2025-10-06T11:09:02Z</types1:CreationDate>
      <types1:ModifiedBy>shashiskyrocketflyer@gmail.com</types1:ModifiedBy>
      <types1:ModificationDate>2025-10-18T21:30:07Z</types1:ModificationDate>
      <types1:PublicationStatus>unpublished</types1:PublicationStatus>
      <types1:Entry>
         <taskflow xmlns="http://schemas.active-endpoints.com/appmodules/screenflow/2010/10/avosScreenflow.xsd"
                   xmlns:tfm="http://schemas.active-endpoints.com/appmodules/screenflow/2021/04/taskflowModel.xsd"
                   xmlns:list="urn:activevos:spi:list:functions"
                   displayName="tf_Parameter_Driven_Orchestration"
                   name="tf_Parameter_Driven_Orchestration"
                   overrideAPIName="false">
            <parameterSet xmlns="http://schemas.active-endpoints.com/appmodules/screenflow/2021/04/taskflowModel.xsd">tf_parameter_set</parameterSet>
            <appliesTo/>
            <description/>
            <tags/>
            <generator>Informatica Process Designer 11</generator>
            <input>
               <parameter description="" name="email" type="string">
                  <options>
                     <option name="required">false</option>
                  </options>
               </parameter>
               <parameter description="" name="emailbody" type="string">
                  <options>
                     <option name="required">false</option>
                  </options>
               </parameter>
            </input>
            <tempFields>
               <field description="" name="dt_Load_Staging_Data" type="reference">
                  <options>
                     <option name="failOnNotRun">false</option>
                     <option name="failOnFault">false</option>
                     <option name="referenceTo">$po:mct-Parameter-399NWT4KhPNf6VK56uRbGT</option>
                     <option name="initialvalue">
                        <expression language="XQuery">$input.src_filter </expression>
                     </option>
                     <option name="source">formula</option>
                  </options>
               </field>
               <field description="" name="dt_Transform_Customer_Data" type="reference">
                  <options>
                     <option name="failOnNotRun">false</option>
                     <option name="failOnFault">false</option>
                     <option name="referenceTo">$po:mct-sequence-generator-hztoN9CQrsMd2pyNP3LnwD</option>
                  </options>
               </field>
               <field description="" name="tf_persistent_cache" type="reference">
                  <options>
                     <option name="referenceTo">$po:InternalInfaSubTaskflowField</option>
                     <option name="failOnNotRun">false</option>
                     <option name="failOnFault">false</option>
                  </options>
               </field>
            </tempFields>
            <notes/>
            <deployment skipIfRunning="false" suspendOnFault="false" tracingLevel="verbose">
               <rest>
                  <allowedUsers>
                     <user>etlsnowflake76@gmail.com</user>
                  </allowedUsers>
               </rest>
            </deployment>
            <extData>
               <nvpair name="treatEmptyStringAsNotNull">false</nvpair>
               <nvpair name="treatEmptyObjectListAsArray">false</nvpair>
            </extData>
            <flow id="a">
               <start id="b">
                  <link id="mcw8sdq7" targetId="mcw8sdqu"/>
               </start>
               <eventContainer id="mcw8sdqu">
                  <service id="mcw8sdq6">
                     <title>dt_Load_Staging_Data</title>
                     <serviceName>ICSExecuteDataTask</serviceName>
                     <serviceGUID/>
                     <serviceInput>
                        <parameter name="Wait for Task to Complete" source="constant" updatable="true">true</parameter>
                        <parameter name="Max Wait" source="constant" updatable="true">604800</parameter>
                        <parameter name="Task Name" source="constant" updatable="true">mct_Parameter</parameter>
                        <parameter name="GUID" source="constant" updatable="true">399NWT4KhPNf6VK56uRbGT</parameter>
                        <parameter name="Task Type" source="constant" updatable="true">MCT</parameter>
                        <parameter name="Has Inout Parameters" source="constant" updatable="true">false</parameter>
                        <parameter name="taskField" source="nested">
                           <operation source="field" to="mct-Parameter-399NWT4KhPNf6VK56uRbGT">temp.dt_Load_Staging_Data</operation>
                        </parameter>
                     </serviceInput>
                     <serviceOutput>
                        <operation source="field" to="temp.dt_Load_Staging_Data/output/Object_Name">Object Name</operation>
                        <operation source="field" to="temp.dt_Load_Staging_Data/output/Run_Id">Run Id</operation>
                        <operation source="field" to="temp.dt_Load_Staging_Data/output/Log_Id">Log Id</operation>
                        <operation source="field" to="temp.dt_Load_Staging_Data/output/Task_Id">Task Id</operation>
                        <operation source="field" to="temp.dt_Load_Staging_Data/output/Task_Status">Task Status</operation>
                        <operation source="field"
                                   to="temp.dt_Load_Staging_Data/output/Success_Source_Rows">Success Source Rows</operation>
                        <operation source="field" to="temp.dt_Load_Staging_Data/output/Failed_Source_Rows">Failed Source Rows</operation>
                        <operation source="field"
                                   to="temp.dt_Load_Staging_Data/output/Success_Target_Rows">Success Target Rows</operation>
                        <operation source="field" to="temp.dt_Load_Staging_Data/output/Failed_Target_Rows">Failed Target Rows</operation>
                        <operation source="field" to="temp.dt_Load_Staging_Data/output/Start_Time">Start Time</operation>
                        <operation source="field" to="temp.dt_Load_Staging_Data/output/End_Time">End Time</operation>
                        <operation source="field" to="temp.dt_Load_Staging_Data/output/Error_Message">Error Message</operation>
                        <operation source="field" to="temp.dt_Load_Staging_Data/output/TotalTransErrors">Total Transformation Errors</operation>
                        <operation source="field" to="temp.dt_Load_Staging_Data/output/FirstErrorCode">First Error Code</operation>
                     </serviceOutput>
                  </service>
                  <link id="mcx87r3c" targetId="mcx87r3z"/>
                  <events>
                     <catch faultField="temp.dt_Load_Staging_Data/fault"
                            id="mcw8sdqs"
                            interrupting="true"
                            name="error">
                        <suspend/>
                     </catch>
                     <catch faultField="temp.dt_Load_Staging_Data/fault"
                            id="mcw8sdqt"
                            interrupting="true"
                            name="warning"/>
                  </events>
               </eventContainer>
               <eventContainer id="mcx87r3z">
                  <service id="mcx87r3b">
                     <title>dt_Transform_Customer_Data</title>
                     <serviceName>ICSExecuteDataTask</serviceName>
                     <serviceGUID/>
                     <serviceInput>
                        <parameter name="Wait for Task to Complete" source="constant" updatable="true">true</parameter>
                        <parameter name="Max Wait" source="constant" updatable="true">604800</parameter>
                        <parameter name="Task Name" source="constant" updatable="true">mct_sequence_generator</parameter>
                        <parameter name="GUID" source="constant" updatable="true">hztoN9CQrsMd2pyNP3LnwD</parameter>
                        <parameter name="Task Type" source="constant" updatable="true">MCT</parameter>
                        <parameter name="Has Inout Parameters" source="constant" updatable="true">false</parameter>
                        <parameter name="taskField" source="nested">
                           <operation source="field" to="mct-sequence-generator-hztoN9CQrsMd2pyNP3LnwD">temp.dt_Transform_Customer_Data</operation>
                           <operation source="constant"
                                      to="mct-sequence-generator-hztoN9CQrsMd2pyNP3LnwD/taskProperties[1]/parameterFileDir"/>
                           <operation source="constant"
                                      to="mct-sequence-generator-hztoN9CQrsMd2pyNP3LnwD/taskProperties[1]/parameterFileName"/>
                           <operation source="constant"
                                      to="temp.dt_Transform_Customer_Data[1]/taskProperties[1]/parameterFileDir"/>
                           <operation source="constant"
                                      to="temp.dt_Transform_Customer_Data[1]/taskProperties[1]/parameterFileName"/>
                        </parameter>
                     </serviceInput>
                     <serviceOutput>
                        <operation source="field" to="temp.dt_Transform_Customer_Data/output/Object_Name">Object Name</operation>
                        <operation source="field" to="temp.dt_Transform_Customer_Data/output/Run_Id">Run Id</operation>
                        <operation source="field" to="temp.dt_Transform_Customer_Data/output/Log_Id">Log Id</operation>
                        <operation source="field" to="temp.dt_Transform_Customer_Data/output/Task_Id">Task Id</operation>
                        <operation source="field" to="temp.dt_Transform_Customer_Data/output/Task_Status">Task Status</operation>
                        <operation source="field"
                                   to="temp.dt_Transform_Customer_Data/output/Success_Source_Rows">Success Source Rows</operation>
                        <operation source="field"
                                   to="temp.dt_Transform_Customer_Data/output/Failed_Source_Rows">Failed Source Rows</operation>
                        <operation source="field"
                                   to="temp.dt_Transform_Customer_Data/output/Success_Target_Rows">Success Target Rows</operation>
                        <operation source="field"
                                   to="temp.dt_Transform_Customer_Data/output/Failed_Target_Rows">Failed Target Rows</operation>
                        <operation source="field" to="temp.dt_Transform_Customer_Data/output/Start_Time">Start Time</operation>
                        <operation source="field" to="temp.dt_Transform_Customer_Data/output/End_Time">End Time</operation>
                        <operation source="field"
                                   to="temp.dt_Transform_Customer_Data/output/Error_Message">Error Message</operation>
                        <operation source="field"
                                   to="temp.dt_Transform_Customer_Data/output/TotalTransErrors">Total Transformation Errors</operation>
                        <operation source="field"
                                   to="temp.dt_Transform_Customer_Data/output/FirstErrorCode">First Error Code</operation>
                     </serviceOutput>
                  </service>
                  <link id="mcx87r3d" targetId="mgws82qo"/>
                  <events>
                     <catch faultField="temp.dt_Transform_Customer_Data/fault"
                            id="mcx87r3x"
                            interrupting="true"
                            name="error">
                        <suspend/>
                     </catch>
                     <catch faultField="temp.dt_Transform_Customer_Data/fault"
                            id="mcx87r3y"
                            interrupting="true"
                            name="warning"/>
                  </events>
               </eventContainer>
               <eventContainer id="mgws82qo">
                  <service id="mcwmarm0">
                     <title>ntf_Send_Completion_Email</title>
                     <serviceName>emailNotificationService</serviceName>
                     <serviceGUID/>
                     <serviceInput>
                        <parameter name="Email To" source="constant">{$input.email}</parameter>
                        <parameter name="Email Cc" source="constant"/>
                        <parameter name="Email Bcc" source="constant"/>
                        <parameter name="Email Subject" source="constant">This is the test email for Parameter set</parameter>
                        <parameter name="Email Content Type" source="constant">html</parameter>
                        <parameter name="Email Body" source="constant"> &lt;p&gt;{$input.emailbody}&lt;/p&gt; </parameter>
                     </serviceInput>
                     <serviceOutput/>
                  </service>
                  <link id="mcx87raf" targetId="mcx87rae"/>
                  <events>
                     <catch faultField="temp.dummyTF5895/fault"
                            id="mgws82nr"
                            interrupting="true"
                            name="warning"/>
                  </events>
               </eventContainer>
               <subflow id="mcx87rae">
                  <title>tf_persistent_cache</title>
                  <subflowGUID>2sX8495ZZtodbKT4xAcLeA</subflowGUID>
                  <subflowPath>tf_persistent_cache-1</subflowPath>
                  <runForEach>false</runForEach>
                  <input/>
                  <outputDef/>
                  <link id="mcx87rag" targetId="c"/>
               </subflow>
               <end id="c"/>
            </flow>
            <dependencies>
               <processObject xmlns="http://schemas.active-endpoints.com/appmodules/screenflow/2011/06/avosHostEnvironment.xsd"
                              displayName="mct-Parameter-399NWT4KhPNf6VK56uRbGT"
                              isByCopy="true"
                              name="mct-Parameter-399NWT4KhPNf6VK56uRbGT">
                  <description/>
                  <tags/>
                  <detail>
                     <field label="TaskProperties Parameters"
                            name="taskProperties"
                            nullable="true"
                            required="false"
                            type="reference"/>
                     <field label="Output Parameters"
                            name="output"
                            nullable="true"
                            required="false"
                            type="reference"/>
                     <field label="Fault"
                            name="fault"
                            nullable="true"
                            required="false"
                            type="reference"/>
                     <field label="Max Wait (Seconds)"
                            name="Max_Wait"
                            nullable="true"
                            required="false"
                            type="int"/>
                  </detail>
               </processObject>
               <processObject xmlns="http://schemas.active-endpoints.com/appmodules/screenflow/2011/06/avosHostEnvironment.xsd"
                              displayName="mct-sequence-generator-hztoN9CQrsMd2pyNP3LnwD"
                              isByCopy="true"
                              name="mct-sequence-generator-hztoN9CQrsMd2pyNP3LnwD">
                  <description/>
                  <tags/>
                  <detail>
                     <field label="TaskProperties Parameters"
                            name="taskProperties"
                            nullable="true"
                            required="false"
                            type="reference"/>
                     <field label="Output Parameters"
                            name="output"
                            nullable="true"
                            required="false"
                            type="reference"/>
                     <field label="Fault"
                            name="fault"
                            nullable="true"
                            required="false"
                            type="reference"/>
                     <field label="Max Wait (Seconds)"
                            name="Max_Wait"
                            nullable="true"
                            required="false"
                            type="int"/>
                  </detail>
               </processObject>
               <processObject xmlns="http://schemas.active-endpoints.com/appmodules/screenflow/2011/06/avosHostEnvironment.xsd"
                              displayName="InternalInfaSubTaskflowField"
                              isByCopy="true"
                              name="InternalInfaSubTaskflowField">
                  <description>This process object represents a subtaskflow type reference field.</description>
                  <tags/>
                  <detail/>
               </processObject>
            </dependencies>
         </taskflow>
      </types1:Entry>
      <types1:GUID>0CIZ4vH3rzzhf2MlDMaFsv</types1:GUID>
      <types1:DisplayName>tf_Parameter_Driven_Orchestration</types1:DisplayName>
   </types1:Item>
   <types1:CurrentServerDateTime>2025-10-18T21:34:03.423Z</types1:CurrentServerDateTime>
</aetgt:getResponse>
