{
  "name" : "m_CUSTOMER_SCD_Type_2_date-1760383465690",
  "sourceOrgId" : "3dsDMwTTIXkbBEjWg1rTwH",
  "sourceOrgName" : "Shashi IICS",
  "exportedObjects" : [ {
    "objectGuid" : "dBcL6MGZJgieUHwol8Oz4u",
    "objectName" : "Training",
    "objectType" : "Project",
    "path" : "/Explore",
    "providerName" : null,
    "metadata" : {
      "modelVersion" : {
        "major" : 0,
        "minor" : 0
      },
      "repoInfo" : null,
      "objectRefs" : [ ],
      "contextAttributes" : [ ],
      "additionalInfo" : {
        "description" : "",
        "contentType" : "Binary",
        "documentState" : "COMPLETE"
      }
    }
  }, {
    "objectGuid" : "3CNHn7EHKSxfWOUm6LkL0F",
    "objectName" : "NIC",
    "objectType" : "AgentGroup",
    "path" : "/SYS",
    "providerName" : null,
    "metadata" : {
      "modelVersion" : {
        "major" : 0,
        "minor" : 0
      },
      "repoInfo" : {
        "repoHandle" : "01DH6N25000000000002"
      },
      "objectRefs" : [ ],
      "contextAttributes" : [ {
        "name" : "id",
        "value" : "@1"
      } ],
      "additionalInfo" : {
        "description" : null,
        "contentType" : "JSON",
        "documentState" : "VALID"
      }
    }
  }, {
    "objectGuid" : "hv83tk7XTWycumlgyaea4b",
    "objectName" : "Oracle_Source",
    "objectType" : "Connection",
    "path" : "/SYS",
    "providerName" : null,
    "metadata" : {
      "modelVersion" : {
        "major" : 0,
        "minor" : 0
      },
      "repoInfo" : {
        "repoHandle" : "01DH6N0B00000000000I"
      },
      "objectRefs" : [ "3CNHn7EHKSxfWOUm6LkL0F" ],
      "contextAttributes" : [ {
        "name" : "id",
        "value" : "@1"
      } ],
      "additionalInfo" : {
        "description" : null,
        "contentType" : "JSON",
        "documentState" : "COMPLETE"
      }
    }
  }, {
    "objectGuid" : "5mcu5QF1xCngimeQA50jUf",
    "objectName" : "Oracle_Target",
    "objectType" : "Connection",
    "path" : "/SYS",
    "providerName" : null,
    "metadata" : {
      "modelVersion" : {
        "major" : 0,
        "minor" : 0
      },
      "repoInfo" : {
        "repoHandle" : "01DH6N0B00000000000G"
      },
      "objectRefs" : [ "3CNHn7EHKSxfWOUm6LkL0F" ],
      "contextAttributes" : [ {
        "name" : "id",
        "value" : "@1"
      } ],
      "additionalInfo" : {
        "description" : null,
        "contentType" : "JSON",
        "documentState" : "COMPLETE"
      }
    }
  }, {
    "objectGuid" : "6Q4euRZ4uYHcJENsoCLhuS",
    "objectName" : "m_CUSTOMER_SCD_Type_2_date",
    "objectType" : "DTEMPLATE",
    "path" : "/Explore/Training",
    "providerName" : null,
    "metadata" : {
      "modelVersion" : {
        "major" : 0,
        "minor" : 0
      },
      "repoInfo" : {
        "repoHandle" : "01DH6N1700000000004L"
      },
      "objectRefs" : [ "hv83tk7XTWycumlgyaea4b", "5mcu5QF1xCngimeQA50jUf" ],
      "contextAttributes" : [ {
        "name" : "id",
        "value" : "@1"
      } ],
      "additionalInfo" : {
        "description" : "",
        "contentType" : "JSON",
        "documentState" : "VALID"
      }
    }
  } ]
}