<aetgt:getResponse xmlns:aetgt="http://schemas.active-endpoints.com/appmodules/repository/2010/10/avrepository.xsd"
                   xmlns:types1="http://schemas.active-endpoints.com/appmodules/repository/2010/10/avrepository.xsd">
   <types1:Item>
      <types1:EntryId>Hy2uI5CUP9WYVMP-gt-22301591-2025-10-06T11:09:02.532Z::tf.xml</types1:EntryId>
      <types1:Name>tf_dimension_loads</types1:Name>
      <types1:MimeType>application/xml+taskflow</types1:MimeType>
      <types1:Description/>
      <types1:AppliesTo/>
      <types1:Tags/>
      <types1:VersionLabel>1.0</types1:VersionLabel>
      <types1:State>CURRENT</types1:State>
      <types1:ProcessGroup/>
      <types1:CreatedBy>shashiskyrocketflyer@gmail.com</types1:CreatedBy>
      <types1:CreationDate>2025-10-06T11:09:03Z</types1:CreationDate>
      <types1:ModifiedBy>shashiskyrocketflyer@gmail.com</types1:ModifiedBy>
      <types1:ModificationDate>2025-10-16T18:28:02Z</types1:ModificationDate>
      <types1:PublicationStatus>unpublished</types1:PublicationStatus>
      <types1:Entry>
         <taskflow xmlns="http://schemas.active-endpoints.com/appmodules/screenflow/2010/10/avosScreenflow.xsd"
                   xmlns:tfm="http://schemas.active-endpoints.com/appmodules/screenflow/2021/04/taskflowModel.xsd"
                   xmlns:list="urn:activevos:spi:list:functions"
                   displayName="tf_dimension_loads"
                   name="tf_dimension_loads"
                   overrideAPIName="false">
            <parameterSet xmlns="http://schemas.active-endpoints.com/appmodules/screenflow/2021/04/taskflowModel.xsd"/>
            <appliesTo/>
            <description/>
            <tags/>
            <generator>Informatica Process Designer 11</generator>
            <input>
               <parameter description="" name="num1" type="double">
                  <options>
                     <option name="required">false</option>
                     <option name="initialvalue">1</option>
                     <option name="source">constant</option>
                  </options>
               </parameter>
            </input>
            <output>
               <field description="" name="count" type="double">
                  <options>
                     <option name="required">false</option>
                     <option name="initialvalue">0</option>
                  </options>
               </field>
            </output>
            <tempFields>
               <field description="" name="dt_Load_Dimension_Staging" type="reference">
                  <options>
                     <option name="failOnNotRun">false</option>
                     <option name="failOnFault">false</option>
                     <option name="referenceTo">$po:mtt-data-availability-2uDyUe6cfHbhnESPBIrjQn</option>
                  </options>
               </field>
               <field description="" name="mt_SCD2_Flag_Update" type="reference">
                  <options>
                     <option name="failOnNotRun">false</option>
                     <option name="failOnFault">false</option>
                     <option name="referenceTo">$po:mct-m-SCD-Type2-Flag-b2dzxQ2zF0eaZSy9YlEuIn</option>
                  </options>
               </field>
               <field description="" name="tf_Load_Fact_Orchestration" type="reference">
                  <options>
                     <option name="referenceTo">$po:InternalInfaSubTaskflowField</option>
                     <option name="failOnNotRun">false</option>
                     <option name="failOnFault">false</option>
                  </options>
               </field>
               <field description="" name="mt_SCD2_Date_MD5_Process" type="reference">
                  <options>
                     <option name="failOnNotRun">false</option>
                     <option name="failOnFault">false</option>
                     <option name="referenceTo">$po:mct-m-SCD-Type2-Date-MD5-3O71BulSPaRjYqsIuf08eg</option>
                  </options>
               </field>
            </tempFields>
            <notes/>
            <deployment skipIfRunning="false" suspendOnFault="false" tracingLevel="verbose">
               <rest>
                  <allowedUsers>
                     <user>nicitacademyb26@gmail.com</user>
                  </allowedUsers>
               </rest>
            </deployment>
            <extData>
               <nvpair name="treatEmptyStringAsNotNull">false</nvpair>
               <nvpair name="treatEmptyObjectListAsArray">false</nvpair>
            </extData>
            <flow id="a">
               <start id="b">
                  <link id="mb8pu4a5" targetId="mb8pu4as"/>
               </start>
               <eventContainer id="mb8pu4as">
                  <service id="mb8pu4a4">
                     <title>dt_Load_Dimension_Staging</title>
                     <serviceName>ICSExecuteDataTask</serviceName>
                     <serviceGUID/>
                     <serviceInput>
                        <parameter name="Wait for Task to Complete" source="constant" updatable="true">true</parameter>
                        <parameter name="Max Wait" source="constant" updatable="true">604800</parameter>
                        <parameter name="Task Name" source="constant" updatable="true">mtt_data_availability</parameter>
                        <parameter name="GUID" source="constant" updatable="true">2uDyUe6cfHbhnESPBIrjQn</parameter>
                        <parameter name="Task Type" source="constant" updatable="true">MCT</parameter>
                        <parameter name="Has Inout Parameters" source="constant" updatable="true">false</parameter>
                        <parameter name="taskField" source="nested">
                           <operation source="field" to="mtt-data-availability-2uDyUe6cfHbhnESPBIrjQn">temp.dt_Load_Dimension_Staging</operation>
                        </parameter>
                     </serviceInput>
                     <serviceOutput>
                        <operation source="field" to="temp.dt_Load_Dimension_Staging/output/Object_Name">Object Name</operation>
                        <operation source="field" to="temp.dt_Load_Dimension_Staging/output/Run_Id">Run Id</operation>
                        <operation source="field" to="temp.dt_Load_Dimension_Staging/output/Log_Id">Log Id</operation>
                        <operation source="field" to="temp.dt_Load_Dimension_Staging/output/Task_Id">Task Id</operation>
                        <operation source="field" to="temp.dt_Load_Dimension_Staging/output/Task_Status">Task Status</operation>
                        <operation source="field"
                                   to="temp.dt_Load_Dimension_Staging/output/Success_Source_Rows">Success Source Rows</operation>
                        <operation source="field"
                                   to="temp.dt_Load_Dimension_Staging/output/Failed_Source_Rows">Failed Source Rows</operation>
                        <operation source="field"
                                   to="temp.dt_Load_Dimension_Staging/output/Success_Target_Rows">Success Target Rows</operation>
                        <operation source="field"
                                   to="temp.dt_Load_Dimension_Staging/output/Failed_Target_Rows">Failed Target Rows</operation>
                        <operation source="field" to="temp.dt_Load_Dimension_Staging/output/Start_Time">Start Time</operation>
                        <operation source="field" to="temp.dt_Load_Dimension_Staging/output/End_Time">End Time</operation>
                        <operation source="field" to="temp.dt_Load_Dimension_Staging/output/Error_Message">Error Message</operation>
                        <operation source="field"
                                   to="temp.dt_Load_Dimension_Staging/output/TotalTransErrors">Total Transformation Errors</operation>
                        <operation source="field"
                                   to="temp.dt_Load_Dimension_Staging/output/FirstErrorCode">First Error Code</operation>
                     </serviceOutput>
                  </service>
                  <link id="mb8pu4bw" targetId="mb8pu4bv"/>
                  <events>
                     <catch faultField="temp.dt_Load_Dimension_Staging/fault"
                            id="mb8pu4aq"
                            interrupting="true"
                            name="error">
                        <suspend/>
                     </catch>
                     <catch faultField="temp.dt_Load_Dimension_Staging/fault"
                            id="mb8pu4ar"
                            interrupting="true"
                            name="warning"/>
                  </events>
               </eventContainer>
               <container id="mb8pu4bv" type="exclusive">
                  <title>dec_Check_Snapshot_Count</title>
                  <flow id="mb8pu4bz">
                     <eventContainer id="mgtkwmr0">
                        <service id="mb8pu4cv">
                           <title>ntf_Change_Detected_Alert</title>
                           <serviceName>emailNotificationService</serviceName>
                           <serviceGUID/>
                           <serviceInput>
                              <parameter name="Email To" source="constant">nicitacademyb26@gmail.com</parameter>
                              <parameter name="Email Cc" source="constant"/>
                              <parameter name="Email Bcc" source="constant"/>
                              <parameter name="Email Subject" source="constant"/>
                              <parameter name="Email Content Type" source="constant">text</parameter>
                              <parameter name="Email Body" source="constant"/>
                           </serviceInput>
                           <serviceOutput/>
                        </service>
                        <link id="mb8pu4cw" targetId="mb8pu4dx"/>
                        <events>
                           <catch faultField="temp.dummyTF5895/fault"
                                  id="mgtkwmiy"
                                  interrupting="true"
                                  name="warning"/>
                        </events>
                     </eventContainer>
                     <eventContainer id="mb8pu4dx">
                        <service id="mb8pu4ci">
                           <title>mt_SCD2_Date_MD5_Process</title>
                           <serviceName>ICSExecuteDataTask</serviceName>
                           <serviceGUID/>
                           <serviceInput>
                              <parameter name="Wait for Task to Complete" source="constant" updatable="true">true</parameter>
                              <parameter name="Max Wait" source="constant" updatable="true">604800</parameter>
                              <parameter name="Task Name" source="constant" updatable="true">mct_m_SCD_Type2_Date_MD5</parameter>
                              <parameter name="GUID" source="constant" updatable="true">3O71BulSPaRjYqsIuf08eg</parameter>
                              <parameter name="Task Type" source="constant" updatable="true">MCT</parameter>
                              <parameter name="Has Inout Parameters" source="constant" updatable="true">false</parameter>
                              <parameter name="taskField" source="nested">
                                 <operation source="field" to="mct-m-SCD-Type2-Date-MD5-3O71BulSPaRjYqsIuf08eg">temp.mt_SCD2_Date_MD5_Process</operation>
                              </parameter>
                           </serviceInput>
                           <serviceOutput>
                              <operation source="field" to="temp.mt_SCD2_Date_MD5_Process/output/Object_Name">Object Name</operation>
                              <operation source="field" to="temp.mt_SCD2_Date_MD5_Process/output/Run_Id">Run Id</operation>
                              <operation source="field" to="temp.mt_SCD2_Date_MD5_Process/output/Log_Id">Log Id</operation>
                              <operation source="field" to="temp.mt_SCD2_Date_MD5_Process/output/Task_Id">Task Id</operation>
                              <operation source="field" to="temp.mt_SCD2_Date_MD5_Process/output/Task_Status">Task Status</operation>
                              <operation source="field"
                                         to="temp.mt_SCD2_Date_MD5_Process/output/Success_Source_Rows">Success Source Rows</operation>
                              <operation source="field"
                                         to="temp.mt_SCD2_Date_MD5_Process/output/Failed_Source_Rows">Failed Source Rows</operation>
                              <operation source="field"
                                         to="temp.mt_SCD2_Date_MD5_Process/output/Success_Target_Rows">Success Target Rows</operation>
                              <operation source="field"
                                         to="temp.mt_SCD2_Date_MD5_Process/output/Failed_Target_Rows">Failed Target Rows</operation>
                              <operation source="field" to="temp.mt_SCD2_Date_MD5_Process/output/Start_Time">Start Time</operation>
                              <operation source="field" to="temp.mt_SCD2_Date_MD5_Process/output/End_Time">End Time</operation>
                              <operation source="field" to="temp.mt_SCD2_Date_MD5_Process/output/Error_Message">Error Message</operation>
                              <operation source="field"
                                         to="temp.mt_SCD2_Date_MD5_Process/output/TotalTransErrors">Total Transformation Errors</operation>
                              <operation source="field" to="temp.mt_SCD2_Date_MD5_Process/output/FirstErrorCode">First Error Code</operation>
                           </serviceOutput>
                        </service>
                        <link id="mb8pu4cp" targetId="mb8pu4f2"/>
                        <events>
                           <catch faultField="temp.mt_SCD2_Date_MD5_Process/fault"
                                  id="mb8pu4dv"
                                  interrupting="true"
                                  name="error">
                              <suspend/>
                           </catch>
                           <catch faultField="temp.mt_SCD2_Date_MD5_Process/fault"
                                  id="mb8pu4dw"
                                  interrupting="true"
                                  name="warning"/>
                        </events>
                     </eventContainer>
                     <eventContainer id="mb8pu4f2">
                        <service id="mb8pu4co">
                           <title>mt_SCD2_Flag_Update</title>
                           <serviceName>ICSExecuteDataTask</serviceName>
                           <serviceGUID/>
                           <serviceInput>
                              <parameter name="Wait for Task to Complete" source="constant" updatable="true">true</parameter>
                              <parameter name="Max Wait" source="constant" updatable="true">604800</parameter>
                              <parameter name="Task Name" source="constant" updatable="true">mct_m_SCD_Type2_Flag</parameter>
                              <parameter name="GUID" source="constant" updatable="true">b2dzxQ2zF0eaZSy9YlEuIn</parameter>
                              <parameter name="Task Type" source="constant" updatable="true">MCT</parameter>
                              <parameter name="Has Inout Parameters" source="constant" updatable="true">false</parameter>
                              <parameter name="taskField" source="nested">
                                 <operation source="field" to="mct-m-SCD-Type2-Flag-b2dzxQ2zF0eaZSy9YlEuIn">temp.mt_SCD2_Flag_Update</operation>
                              </parameter>
                           </serviceInput>
                           <serviceOutput>
                              <operation source="field" to="temp.mt_SCD2_Flag_Update/output/Object_Name">Object Name</operation>
                              <operation source="field" to="temp.mt_SCD2_Flag_Update/output/Run_Id">Run Id</operation>
                              <operation source="field" to="temp.mt_SCD2_Flag_Update/output/Log_Id">Log Id</operation>
                              <operation source="field" to="temp.mt_SCD2_Flag_Update/output/Task_Id">Task Id</operation>
                              <operation source="field" to="temp.mt_SCD2_Flag_Update/output/Task_Status">Task Status</operation>
                              <operation source="field" to="temp.mt_SCD2_Flag_Update/output/Success_Source_Rows">Success Source Rows</operation>
                              <operation source="field" to="temp.mt_SCD2_Flag_Update/output/Failed_Source_Rows">Failed Source Rows</operation>
                              <operation source="field" to="temp.mt_SCD2_Flag_Update/output/Success_Target_Rows">Success Target Rows</operation>
                              <operation source="field" to="temp.mt_SCD2_Flag_Update/output/Failed_Target_Rows">Failed Target Rows</operation>
                              <operation source="field" to="temp.mt_SCD2_Flag_Update/output/Start_Time">Start Time</operation>
                              <operation source="field" to="temp.mt_SCD2_Flag_Update/output/End_Time">End Time</operation>
                              <operation source="field" to="temp.mt_SCD2_Flag_Update/output/Error_Message">Error Message</operation>
                              <operation source="field" to="temp.mt_SCD2_Flag_Update/output/TotalTransErrors">Total Transformation Errors</operation>
                              <operation source="field" to="temp.mt_SCD2_Flag_Update/output/FirstErrorCode">First Error Code</operation>
                           </serviceOutput>
                        </service>
                        <link id="mb8qkqo1" targetId="mb8qkqo0"/>
                        <events>
                           <catch faultField="temp.mt_SCD2_Flag_Update/fault"
                                  id="mb8pu4f0"
                                  interrupting="true"
                                  name="error">
                              <suspend/>
                           </catch>
                           <catch faultField="temp.mt_SCD2_Flag_Update/fault"
                                  id="mb8pu4f1"
                                  interrupting="true"
                                  name="warning"/>
                        </events>
                     </eventContainer>
                     <subflow id="mb8qkqo0">
                        <title>tf_Load_Fact_Orchestration</title>
                        <subflowGUID>1Oa95Z3Lz4jflXJ3R9uag9</subflowGUID>
                        <subflowPath>tf_single_task</subflowPath>
                        <runForEach>false</runForEach>
                        <input/>
                        <outputDef>
                           <field name="out" type="double">
                              <options>
                                 <option name="required">false</option>
                              </options>
                           </field>
                        </outputDef>
                        <link id="mb8qkqod" targetId="mb8pu4k2"/>
                     </subflow>
                     <end id="mb8pu4k2"/>
                  </flow>
                  <flow id="mb8pu4c2">
                     <assignment id="mb8pu4ii">
                        <title>asg_Set_Default_Counters</title>
                        <operation source="formula" to="output.count">
                           <expression language="XQuery">$output.count + 1</expression>
                        </operation>
                        <link id="mb8pu4ij" targetId="mgtkwmtt"/>
                     </assignment>
                     <eventContainer id="mgtkwmtt">
                        <service id="mb8pu4hz">
                           <title>ntf_No_Change_Alert</title>
                           <serviceName>emailNotificationService</serviceName>
                           <serviceGUID/>
                           <serviceInput>
                              <parameter name="Email To" source="constant">nicitacademyb26@gmail.com</parameter>
                              <parameter name="Email Cc" source="constant"/>
                              <parameter name="Email Bcc" source="constant"/>
                              <parameter name="Email Subject" source="constant">Data is not available in the master table. </parameter>
                              <parameter name="Email Content Type" source="constant">html</parameter>
                              <parameter name="Email Body" source="constant"> &lt;p&gt;Hi team,&amp;nbsp;&lt;/p&gt;
&lt;p&gt;Data is not available in the master table.&amp;nbsp;&lt;/p&gt;
&lt;p&gt;Count: {$output.count}&lt;/p&gt;
&lt;p&gt;&amp;nbsp;&lt;/p&gt;
&lt;p&gt;Thanks,&lt;/p&gt;
&lt;p&gt;ETL support team&lt;/p&gt; </parameter>
                           </serviceInput>
                           <serviceOutput/>
                        </service>
                        <link id="mb8pu4ip" targetId="mb8pu4io"/>
                        <events>
                           <catch faultField="temp.dummyTF5895/fault"
                                  id="mgtkwmjj"
                                  interrupting="true"
                                  name="warning"/>
                        </events>
                     </eventContainer>
                     <container id="mb8pu4io" type="exclusive">
                        <title>dec_Check_Retry_Count</title>
                        <flow id="mb8pu4is">
                           <wait id="mb8pu4j2">
                              <title>wait_Retry_Interval_5min</title>
                              <duration source="formula">
                                 <function name="duration_expression">
                                    <arg name="value">1</arg>
                                    <arg name="scale">M</arg>
                                    <arg name="businessDays"/>
                                 </function>
                              </duration>
                              <link id="mb8pu4jf" targetId="mb8pu4jd"/>
                           </wait>
                           <jumpTo id="mb8pu4jd">
                              <link id="mb8pu4je" targetId="mb8pu4as"/>
                           </jumpTo>
                        </flow>
                        <flow id="mb8pu4iv">
                           <eventContainer id="mgtkwmuc">
                              <service id="mb8pu4jp">
                                 <title>ntf_Retry_Limit_Reached</title>
                                 <serviceName>emailNotificationService</serviceName>
                                 <serviceGUID/>
                                 <serviceInput>
                                    <parameter name="Email To" source="constant">nicitacademyb26@gmail.com</parameter>
                                    <parameter name="Email Cc" source="constant"/>
                                    <parameter name="Email Bcc" source="constant"/>
                                    <parameter name="Email Subject" source="constant">Data is not available in the source after 3 consecutive runs</parameter>
                                    <parameter name="Email Content Type" source="constant">html</parameter>
                                    <parameter name="Email Body" source="constant"> &lt;p&gt;Count: {$output.count}&lt;/p&gt; </parameter>
                                 </serviceInput>
                                 <serviceOutput/>
                              </service>
                              <link id="mb8pu4jq" targetId="mb8pu4jl"/>
                              <events>
                                 <catch faultField="temp.dummyTF5895/fault"
                                        id="mgtkwmjq"
                                        interrupting="true"
                                        name="warning"/>
                              </events>
                           </eventContainer>
                           <throw id="mb8pu4jl">
                              <title>throw_Abort_Dimension_Load</title>
                              <throwInput>
                                 <parameter name="code" source="field" updatable="true">temp.dt_Load_Dimension_Staging[1]/fault[1]/code</parameter>
                                 <parameter name="detail" source="field" updatable="true">temp.dt_Load_Dimension_Staging[1]/fault[1]/detail</parameter>
                                 <parameter name="reason" source="constant" updatable="true">The data is not available after SLA time</parameter>
                              </throwInput>
                           </throw>
                        </flow>
                        <link id="mb8pu4ir" targetId="mb8pu4is" type="containerLink">
                           <condition source="formula">
                              <function name="less-than">
                                 <arg name="left">{$output.count}</arg>
                                 <arg name="right">{4}</arg>
                              </function>
                           </condition>
                        </link>
                        <link id="mb8pu4iu" targetId="mb8pu4iv" type="containerLink"/>
                     </container>
                  </flow>
                  <link id="mb8pu4by" targetId="mb8pu4bz" type="containerLink">
                     <condition source="formula">
                        <function name="greater-or-equals">
                           <arg name="left">{$temp.dt_Load_Dimension_Staging[1]/output[1]/Success_Source_Rows}</arg>
                           <arg name="right">{1}</arg>
                        </function>
                     </condition>
                  </link>
                  <link id="mb8pu4c1" targetId="mb8pu4c2" type="containerLink"/>
               </container>
            </flow>
            <dependencies>
               <processObject xmlns="http://schemas.active-endpoints.com/appmodules/screenflow/2011/06/avosHostEnvironment.xsd"
                              displayName="mtt-data-availability-2uDyUe6cfHbhnESPBIrjQn"
                              isByCopy="true"
                              name="mtt-data-availability-2uDyUe6cfHbhnESPBIrjQn">
                  <description/>
                  <tags/>
                  <detail>
                     <field label="TaskProperties Parameters"
                            name="taskProperties"
                            nullable="true"
                            required="false"
                            type="reference"/>
                     <field label="Output Parameters"
                            name="output"
                            nullable="true"
                            required="false"
                            type="reference"/>
                     <field label="Fault"
                            name="fault"
                            nullable="true"
                            required="false"
                            type="reference"/>
                     <field label="Max Wait (Seconds)"
                            name="Max_Wait"
                            nullable="true"
                            required="false"
                            type="int"/>
                  </detail>
               </processObject>
               <processObject xmlns="http://schemas.active-endpoints.com/appmodules/screenflow/2011/06/avosHostEnvironment.xsd"
                              displayName="mct-m-SCD-Type2-Flag-b2dzxQ2zF0eaZSy9YlEuIn"
                              isByCopy="true"
                              name="mct-m-SCD-Type2-Flag-b2dzxQ2zF0eaZSy9YlEuIn">
                  <description/>
                  <tags/>
                  <detail>
                     <field label="TaskProperties Parameters"
                            name="taskProperties"
                            nullable="true"
                            required="false"
                            type="reference"/>
                     <field label="Output Parameters"
                            name="output"
                            nullable="true"
                            required="false"
                            type="reference"/>
                     <field label="Fault"
                            name="fault"
                            nullable="true"
                            required="false"
                            type="reference"/>
                     <field label="Max Wait (Seconds)"
                            name="Max_Wait"
                            nullable="true"
                            required="false"
                            type="int"/>
                  </detail>
               </processObject>
               <processObject xmlns="http://schemas.active-endpoints.com/appmodules/screenflow/2011/06/avosHostEnvironment.xsd"
                              displayName="InternalInfaSubTaskflowField"
                              isByCopy="true"
                              name="InternalInfaSubTaskflowField">
                  <description>This process object represents a subtaskflow type reference field.</description>
                  <tags/>
                  <detail/>
               </processObject>
               <processObject xmlns="http://schemas.active-endpoints.com/appmodules/screenflow/2011/06/avosHostEnvironment.xsd"
                              displayName="mct-m-SCD-Type2-Date-MD5-3O71BulSPaRjYqsIuf08eg"
                              isByCopy="true"
                              name="mct-m-SCD-Type2-Date-MD5-3O71BulSPaRjYqsIuf08eg">
                  <description/>
                  <tags/>
                  <detail>
                     <field label="TaskProperties Parameters"
                            name="taskProperties"
                            nullable="true"
                            required="false"
                            type="reference"/>
                     <field label="Output Parameters"
                            name="output"
                            nullable="true"
                            required="false"
                            type="reference"/>
                     <field label="Fault"
                            name="fault"
                            nullable="true"
                            required="false"
                            type="reference"/>
                     <field label="Max Wait (Seconds)"
                            name="Max_Wait"
                            nullable="true"
                            required="false"
                            type="int"/>
                  </detail>
               </processObject>
            </dependencies>
         </taskflow>
      </types1:Entry>
      <types1:GUID>caQnESHKWKYgmS2HbCUCOM</types1:GUID>
      <types1:DisplayName>tf_dimension_loads</types1:DisplayName>
   </types1:Item>
   <types1:CurrentServerDateTime>2025-10-16T18:35:52.987Z</types1:CurrentServerDateTime>
</aetgt:getResponse>
