<aetgt:getResponse xmlns:aetgt="http://schemas.active-endpoints.com/appmodules/repository/2010/10/avrepository.xsd"
                   xmlns:types1="http://schemas.active-endpoints.com/appmodules/repository/2010/10/avrepository.xsd">
   <types1:Item>
      <types1:EntryId>7VPTlGUGeFRqXpI-gt-22301495-2025-10-06T11:08:59.936Z::tf.xml</types1:EntryId>
      <types1:Name>tf_single_task</types1:Name>
      <types1:MimeType>application/xml+taskflow</types1:MimeType>
      <types1:Description/>
      <types1:AppliesTo/>
      <types1:Tags/>
      <types1:VersionLabel>1.0</types1:VersionLabel>
      <types1:State>CURRENT</types1:State>
      <types1:ProcessGroup/>
      <types1:CreatedBy>shashiskyrocketflyer@gmail.com</types1:CreatedBy>
      <types1:CreationDate>2025-10-06T11:09:00Z</types1:CreationDate>
      <types1:ModifiedBy/>
      <types1:PublicationStatus>unpublished</types1:PublicationStatus>
      <types1:Entry>
         <taskflow xmlns="http://schemas.active-endpoints.com/appmodules/screenflow/2010/10/avosScreenflow.xsd"
                   xmlns:tfm="http://schemas.active-endpoints.com/appmodules/screenflow/2021/04/taskflowModel.xsd"
                   xmlns:list="urn:activevos:spi:list:functions"
                   displayName="tf_single_task"
                   name="tf_single_task"
                   overrideAPIName="false">
            <parameterSet xmlns="http://schemas.active-endpoints.com/appmodules/screenflow/2021/04/taskflowModel.xsd"/>
            <appliesTo/>
            <description/>
            <tags/>
            <generator>Informatica Process Designer 11</generator>
            <input>
               <parameter description="" name="inout" type="double">
                  <options>
                     <option name="required">false</option>
                  </options>
               </parameter>
            </input>
            <output>
               <field description="" name="out" type="double">
                  <options>
                     <option name="required">false</option>
                  </options>
               </field>
            </output>
            <tempFields>
               <field description="" name="Data Task 1" type="reference">
                  <options>
                     <option name="referenceTo">$po:mct-m-SCD-Type2-Date-MD5-3O71BulSPaRjYqsIuf08eg</option>
                  </options>
               </field>
               <field description="" name="Data Task 2" type="reference">
                  <options>
                     <option name="failOnNotRun">false</option>
                     <option name="failOnFault">false</option>
                     <option name="referenceTo">$po:mct-Load-4th-record-eLoHJC1aZ2EeJ7Z7Ft2MUv</option>
                  </options>
               </field>
               <field description="" name="count" type="double">
                  <options>
                     <option name="required">false</option>
                  </options>
               </field>
            </tempFields>
            <notes/>
            <deployment skipIfRunning="false" suspendOnFault="false" tracingLevel="verbose">
               <rest/>
            </deployment>
            <extData>
               <nvpair name="treatEmptyStringAsNotNull">false</nvpair>
               <nvpair name="treatEmptyObjectListAsArray">false</nvpair>
            </extData>
            <flow id="a">
               <start id="b">
                  <link id="j3wf4qlz" targetId="mb8p8nnc"/>
               </start>
               <eventContainer id="mb8p8nnc">
                  <service id="j3wf4qly">
                     <title>Data Task 1</title>
                     <serviceName>ICSExecuteDataTask</serviceName>
                     <serviceGUID/>
                     <serviceInput>
                        <parameter name="Wait for Task to Complete" source="constant" updatable="true">true</parameter>
                        <parameter name="Max Wait" source="constant" updatable="true">604800</parameter>
                        <parameter name="Task Name" source="constant" updatable="true">mct_m_SCD_Type2_Date_MD5</parameter>
                        <parameter name="GUID" source="constant" updatable="true">3O71BulSPaRjYqsIuf08eg</parameter>
                        <parameter name="Task Type" source="constant" updatable="true">MCT</parameter>
                        <parameter name="Has Inout Parameters" source="constant" updatable="true">false</parameter>
                        <parameter name="taskField" source="nested">
                           <operation source="field" to="mct-m-SCD-Type2-Date-MD5-3O71BulSPaRjYqsIuf08eg">temp.Data Task 1</operation>
                        </parameter>
                     </serviceInput>
                     <serviceOutput>
                        <operation source="field" to="temp.Data Task 1/output/Object_Name">Object Name</operation>
                        <operation source="field" to="temp.Data Task 1/output/Run_Id">Run Id</operation>
                        <operation source="field" to="temp.Data Task 1/output/Log_Id">Log Id</operation>
                        <operation source="field" to="temp.Data Task 1/output/Task_Id">Task Id</operation>
                        <operation source="field" to="temp.Data Task 1/output/Task_Status">Task Status</operation>
                        <operation source="field" to="temp.Data Task 1/output/Success_Source_Rows">Success Source Rows</operation>
                        <operation source="field" to="temp.Data Task 1/output/Failed_Source_Rows">Failed Source Rows</operation>
                        <operation source="field" to="temp.Data Task 1/output/Success_Target_Rows">Success Target Rows</operation>
                        <operation source="field" to="temp.Data Task 1/output/Failed_Target_Rows">Failed Target Rows</operation>
                        <operation source="field" to="temp.Data Task 1/output/Start_Time">Start Time</operation>
                        <operation source="field" to="temp.Data Task 1/output/End_Time">End Time</operation>
                        <operation source="field" to="temp.Data Task 1/output/Error_Message">Error Message</operation>
                        <operation source="field" to="temp.Data Task 1/output/TotalTransErrors">Total Transformation Errors</operation>
                        <operation source="field" to="temp.Data Task 1/output/FirstErrorCode">First Error Code</operation>
                     </serviceOutput>
                  </service>
                  <link id="mba6vfdi" targetId="mba6vfe5"/>
                  <events>
                     <catch faultField="temp.Data Task 1/fault"
                            id="mb8p8nna"
                            interrupting="true"
                            name="error">
                        <suspend/>
                     </catch>
                     <catch faultField="temp.Data Task 1/fault"
                            id="mb8p8nnb"
                            interrupting="true"
                            name="warning"/>
                  </events>
               </eventContainer>
               <eventContainer id="mba6vfe5">
                  <service id="mba6vfdh">
                     <title>Data Task 2</title>
                     <serviceName>ICSExecuteDataTask</serviceName>
                     <serviceGUID/>
                     <serviceInput>
                        <parameter name="Wait for Task to Complete" source="constant" updatable="true">true</parameter>
                        <parameter name="Max Wait" source="constant" updatable="true">604800</parameter>
                        <parameter name="Task Name" source="constant" updatable="true">mct_Load_4th_record</parameter>
                        <parameter name="GUID" source="constant" updatable="true">eLoHJC1aZ2EeJ7Z7Ft2MUv</parameter>
                        <parameter name="Task Type" source="constant" updatable="true">MCT</parameter>
                        <parameter name="Has Inout Parameters" source="constant" updatable="true">false</parameter>
                        <parameter name="taskField" source="nested">
                           <operation source="field" to="mct-Load-4th-record-eLoHJC1aZ2EeJ7Z7Ft2MUv">temp.Data Task 2</operation>
                        </parameter>
                     </serviceInput>
                     <serviceOutput>
                        <operation source="field" to="temp.Data Task 2/output/Object_Name">Object Name</operation>
                        <operation source="field" to="temp.Data Task 2/output/Run_Id">Run Id</operation>
                        <operation source="field" to="temp.Data Task 2/output/Log_Id">Log Id</operation>
                        <operation source="field" to="temp.Data Task 2/output/Task_Id">Task Id</operation>
                        <operation source="field" to="temp.Data Task 2/output/Task_Status">Task Status</operation>
                        <operation source="field" to="temp.Data Task 2/output/Success_Source_Rows">Success Source Rows</operation>
                        <operation source="field" to="temp.Data Task 2/output/Failed_Source_Rows">Failed Source Rows</operation>
                        <operation source="field" to="temp.Data Task 2/output/Success_Target_Rows">Success Target Rows</operation>
                        <operation source="field" to="temp.Data Task 2/output/Failed_Target_Rows">Failed Target Rows</operation>
                        <operation source="field" to="temp.Data Task 2/output/Start_Time">Start Time</operation>
                        <operation source="field" to="temp.Data Task 2/output/End_Time">End Time</operation>
                        <operation source="field" to="temp.Data Task 2/output/Error_Message">Error Message</operation>
                        <operation source="field" to="temp.Data Task 2/output/TotalTransErrors">Total Transformation Errors</operation>
                        <operation source="field" to="temp.Data Task 2/output/FirstErrorCode">First Error Code</operation>
                     </serviceOutput>
                  </service>
                  <link id="mba6vfdj" targetId="c"/>
                  <events>
                     <catch faultField="temp.Data Task 2/fault"
                            id="mba6vfe3"
                            interrupting="true"
                            name="error">
                        <suspend/>
                     </catch>
                     <catch faultField="temp.Data Task 2/fault"
                            id="mba6vfe4"
                            interrupting="true"
                            name="warning"/>
                  </events>
               </eventContainer>
               <end id="c"/>
            </flow>
            <dependencies>
               <processObject xmlns="http://schemas.active-endpoints.com/appmodules/screenflow/2011/06/avosHostEnvironment.xsd"
                              displayName="mct-m-SCD-Type2-Date-MD5-3O71BulSPaRjYqsIuf08eg"
                              isByCopy="true"
                              name="mct-m-SCD-Type2-Date-MD5-3O71BulSPaRjYqsIuf08eg">
                  <description/>
                  <tags/>
                  <detail>
                     <field label="TaskProperties Parameters"
                            name="taskProperties"
                            nullable="true"
                            required="false"
                            type="reference"/>
                     <field label="Output Parameters"
                            name="output"
                            nullable="true"
                            required="false"
                            type="reference"/>
                     <field label="Fault"
                            name="fault"
                            nullable="true"
                            required="false"
                            type="reference"/>
                     <field label="Max Wait (Seconds)"
                            name="Max_Wait"
                            nullable="true"
                            required="false"
                            type="int"/>
                  </detail>
               </processObject>
               <processObject xmlns="http://schemas.active-endpoints.com/appmodules/screenflow/2011/06/avosHostEnvironment.xsd"
                              displayName="mct-Load-4th-record-eLoHJC1aZ2EeJ7Z7Ft2MUv"
                              isByCopy="true"
                              name="mct-Load-4th-record-eLoHJC1aZ2EeJ7Z7Ft2MUv">
                  <description/>
                  <tags/>
                  <detail>
                     <field label="TaskProperties Parameters"
                            name="taskProperties"
                            nullable="true"
                            required="false"
                            type="reference"/>
                     <field label="Output Parameters"
                            name="output"
                            nullable="true"
                            required="false"
                            type="reference"/>
                     <field label="Fault"
                            name="fault"
                            nullable="true"
                            required="false"
                            type="reference"/>
                     <field label="Max Wait (Seconds)"
                            name="Max_Wait"
                            nullable="true"
                            required="false"
                            type="int"/>
                  </detail>
               </processObject>
            </dependencies>
         </taskflow>
      </types1:Entry>
      <types1:GUID>1Oa95Z3Lz4jflXJ3R9uag9</types1:GUID>
      <types1:DisplayName>tf_single_task</types1:DisplayName>
   </types1:Item>
   <types1:CurrentServerDateTime>2025-10-16T18:35:52.647Z</types1:CurrentServerDateTime>
</aetgt:getResponse>
