{
  "name" : "tf_weekday_taskflow-1760862643656",
  "sourceOrgId" : "3dsDMwTTIXkbBEjWg1rTwH",
  "sourceOrgName" : "Shashi IICS",
  "exportedObjects" : [ {
    "objectGuid" : "1NHDb4FVp5OkyKD8ME7SK0",
    "objectName" : "m_SCD_Type2_Date_MD5",
    "objectType" : "DTEMPLATE",
    "path" : "/Explore/Default",
    "providerName" : null,
    "metadata" : {
      "modelVersion" : {
        "major" : 0,
        "minor" : 0
      },
      "repoInfo" : {
        "repoHandle" : "01DH6N1700000000002X"
      },
      "objectRefs" : [ "afZLb4noploimRamr6E6Qb", "5BxBm1I69VCgs8TjLDOkiE" ],
      "contextAttributes" : [ {
        "name" : "id",
        "value" : "@1"
      } ],
      "additionalInfo" : {
        "description" : "",
        "contentType" : "JSON",
        "documentState" : "VALID"
      }
    }
  }, {
    "objectGuid" : "5BxBm1I69VCgs8TjLDOkiE",
    "objectName" : "Oracle_Tgt",
    "objectType" : "Connection",
    "path" : "/SYS",
    "providerName" : null,
    "metadata" : {
      "modelVersion" : {
        "major" : 0,
        "minor" : 0
      },
      "repoInfo" : {
        "repoHandle" : "01DH6N0B000000000007"
      },
      "objectRefs" : [ "3CNHn7EHKSxfWOUm6LkL0F" ],
      "contextAttributes" : [ {
        "name" : "id",
        "value" : "@1"
      } ],
      "additionalInfo" : {
        "description" : null,
        "contentType" : "JSON",
        "documentState" : "COMPLETE"
      }
    }
  }, {
    "objectGuid" : "afZLb4noploimRamr6E6Qb",
    "objectName" : "Oracle_Src",
    "objectType" : "Connection",
    "path" : "/SYS",
    "providerName" : null,
    "metadata" : {
      "modelVersion" : {
        "major" : 0,
        "minor" : 0
      },
      "repoInfo" : {
        "repoHandle" : "01DH6N0B000000000002"
      },
      "objectRefs" : [ "3CNHn7EHKSxfWOUm6LkL0F" ],
      "contextAttributes" : [ {
        "name" : "id",
        "value" : "@1"
      } ],
      "additionalInfo" : {
        "description" : null,
        "contentType" : "JSON",
        "documentState" : "COMPLETE"
      }
    }
  }, {
    "objectGuid" : "b2dzxQ2zF0eaZSy9YlEuIn",
    "objectName" : "mct_m_SCD_Type2_Flag",
    "objectType" : "MTT",
    "path" : "/Explore/Default",
    "providerName" : null,
    "metadata" : {
      "modelVersion" : {
        "major" : 0,
        "minor" : 0
      },
      "repoInfo" : {
        "repoHandle" : "01DH6N0Z000000000016"
      },
      "objectRefs" : [ "3CNHn7EHKSxfWOUm6LkL0F", "afZLb4noploimRamr6E6Qb", "5BxBm1I69VCgs8TjLDOkiE", "ajjJNmZkODObHigFRKOkOT" ],
      "contextAttributes" : [ {
        "name" : "id",
        "value" : "@1"
      } ],
      "additionalInfo" : {
        "description" : null,
        "contentType" : "JSON",
        "documentState" : "VALID"
      }
    }
  }, {
    "objectGuid" : "1QKRIzQ5DkUcZtHM5MxEsI",
    "objectName" : "mct_Dynamic_lookup_cache",
    "objectType" : "MTT",
    "path" : "/Explore/Default",
    "providerName" : null,
    "metadata" : {
      "modelVersion" : {
        "major" : 0,
        "minor" : 0
      },
      "repoInfo" : {
        "repoHandle" : "01DH6N0Z00000000000B"
      },
      "objectRefs" : [ "3CNHn7EHKSxfWOUm6LkL0F", "afZLb4noploimRamr6E6Qb", "5BxBm1I69VCgs8TjLDOkiE", "3EVR5Np4zlEcH4197dRoUz" ],
      "contextAttributes" : [ {
        "name" : "id",
        "value" : "@1"
      } ],
      "additionalInfo" : {
        "description" : null,
        "contentType" : "JSON",
        "documentState" : "VALID"
      }
    }
  }, {
    "objectGuid" : "eLoHJC1aZ2EeJ7Z7Ft2MUv",
    "objectName" : "mct_Load_4th_record",
    "objectType" : "MTT",
    "path" : "/Explore/Default",
    "providerName" : null,
    "metadata" : {
      "modelVersion" : {
        "major" : 0,
        "minor" : 0
      },
      "repoInfo" : {
        "repoHandle" : "01DH6N0Z000000000018"
      },
      "objectRefs" : [ "3yC5M3zh39Wb76lR4EMdSt", "3CNHn7EHKSxfWOUm6LkL0F", "afZLb4noploimRamr6E6Qb", "5BxBm1I69VCgs8TjLDOkiE" ],
      "contextAttributes" : [ {
        "name" : "id",
        "value" : "@1"
      } ],
      "additionalInfo" : {
        "description" : null,
        "contentType" : "JSON",
        "documentState" : "VALID"
      }
    }
  }, {
    "objectGuid" : "6xe7RPgQriPjEXo5lbjPAP",
    "objectName" : "PowerCenter Task1",
    "objectType" : "PCS",
    "path" : "/Explore/Default",
    "providerName" : null,
    "metadata" : {
      "modelVersion" : {
        "major" : 0,
        "minor" : 0
      },
      "repoInfo" : {
        "repoHandle" : "01DH6N0K000000000004"
      },
      "objectRefs" : [ "3CNHn7EHKSxfWOUm6LkL0F", "afZLb4noploimRamr6E6Qb", "5BxBm1I69VCgs8TjLDOkiE" ],
      "contextAttributes" : [ {
        "name" : "id",
        "value" : "@1"
      } ],
      "additionalInfo" : {
        "description" : null,
        "contentType" : "JSON",
        "documentState" : "VALID"
      }
    }
  }, {
    "objectGuid" : "3yC5M3zh39Wb76lR4EMdSt",
    "objectName" : "m_Load_every_4th_record",
    "objectType" : "DTEMPLATE",
    "path" : "/Explore/Default",
    "providerName" : null,
    "metadata" : {
      "modelVersion" : {
        "major" : 0,
        "minor" : 0
      },
      "repoInfo" : {
        "repoHandle" : "01DH6N1700000000005G"
      },
      "objectRefs" : [ "afZLb4noploimRamr6E6Qb", "5BxBm1I69VCgs8TjLDOkiE" ],
      "contextAttributes" : [ {
        "name" : "id",
        "value" : "@1"
      } ],
      "additionalInfo" : {
        "description" : "",
        "contentType" : "JSON",
        "documentState" : "VALID"
      }
    }
  }, {
    "objectGuid" : "3CNHn7EHKSxfWOUm6LkL0F",
    "objectName" : "NIC",
    "objectType" : "AgentGroup",
    "path" : "/SYS",
    "providerName" : null,
    "metadata" : {
      "modelVersion" : {
        "major" : 0,
        "minor" : 0
      },
      "repoInfo" : {
        "repoHandle" : "01DH6N25000000000002"
      },
      "objectRefs" : [ ],
      "contextAttributes" : [ {
        "name" : "id",
        "value" : "@1"
      } ],
      "additionalInfo" : {
        "description" : null,
        "contentType" : "JSON",
        "documentState" : "VALID"
      }
    }
  }, {
    "objectGuid" : "jpp972rvMUAds21UiOlRSi",
    "objectName" : "tf_weekday_taskflow",
    "objectType" : "TASKFLOW",
    "path" : "/Explore/Default",
    "providerName" : null,
    "metadata" : {
      "modelVersion" : {
        "major" : 1,
        "minor" : 0
      },
      "repoInfo" : {
        "repoHandle" : "v49WPZ8DfYLnzYL-gt-24177095-2025-10-06T11:08:58.344Z::tf.xml"
      },
      "objectRefs" : [ "6xe7RPgQriPjEXo5lbjPAP", "b2dzxQ2zF0eaZSy9YlEuIn", "3O71BulSPaRjYqsIuf08eg", "1QKRIzQ5DkUcZtHM5MxEsI", "eLoHJC1aZ2EeJ7Z7Ft2MUv" ],
      "contextAttributes" : null,
      "additionalInfo" : {
        "description" : "",
        "contentType" : "application/json; charset=utf-8",
        "documentState" : "VALID"
      }
    }
  }, {
    "objectGuid" : "kNAhnusizstcDgRIYbYtuZ",
    "objectName" : "Default",
    "objectType" : "Project",
    "path" : "/Explore",
    "providerName" : null,
    "metadata" : {
      "modelVersion" : {
        "major" : 0,
        "minor" : 0
      },
      "repoInfo" : null,
      "objectRefs" : [ ],
      "contextAttributes" : [ {
        "name" : "IS_DEF_LOC",
        "value" : "true"
      } ],
      "additionalInfo" : {
        "description" : "Auto-generated Default Project",
        "contentType" : null,
        "documentState" : "COMPLETE"
      }
    }
  }, {
    "objectGuid" : "3O71BulSPaRjYqsIuf08eg",
    "objectName" : "mct_m_SCD_Type2_Date_MD5",
    "objectType" : "MTT",
    "path" : "/Explore/Default",
    "providerName" : null,
    "metadata" : {
      "modelVersion" : {
        "major" : 0,
        "minor" : 0
      },
      "repoInfo" : {
        "repoHandle" : "01DH6N0Z00000000001B"
      },
      "objectRefs" : [ "3CNHn7EHKSxfWOUm6LkL0F", "1NHDb4FVp5OkyKD8ME7SK0", "afZLb4noploimRamr6E6Qb", "5BxBm1I69VCgs8TjLDOkiE" ],
      "contextAttributes" : [ {
        "name" : "id",
        "value" : "@1"
      } ],
      "additionalInfo" : {
        "description" : null,
        "contentType" : "JSON",
        "documentState" : "VALID"
      }
    }
  }, {
    "objectGuid" : "ajjJNmZkODObHigFRKOkOT",
    "objectName" : "m_SCD_Type2_Flag",
    "objectType" : "DTEMPLATE",
    "path" : "/Explore/Default",
    "providerName" : null,
    "metadata" : {
      "modelVersion" : {
        "major" : 0,
        "minor" : 0
      },
      "repoInfo" : {
        "repoHandle" : "01DH6N1700000000004T"
      },
      "objectRefs" : [ "afZLb4noploimRamr6E6Qb", "5BxBm1I69VCgs8TjLDOkiE" ],
      "contextAttributes" : [ {
        "name" : "id",
        "value" : "@1"
      } ],
      "additionalInfo" : {
        "description" : "",
        "contentType" : "JSON",
        "documentState" : "VALID"
      }
    }
  }, {
    "objectGuid" : "3EVR5Np4zlEcH4197dRoUz",
    "objectName" : "m_Dynamic_lookup_cache",
    "objectType" : "DTEMPLATE",
    "path" : "/Explore/Default",
    "providerName" : null,
    "metadata" : {
      "modelVersion" : {
        "major" : 0,
        "minor" : 0
      },
      "repoInfo" : {
        "repoHandle" : "01DH6N1700000000003U"
      },
      "objectRefs" : [ "afZLb4noploimRamr6E6Qb", "5BxBm1I69VCgs8TjLDOkiE" ],
      "contextAttributes" : [ {
        "name" : "id",
        "value" : "@1"
      } ],
      "additionalInfo" : {
        "description" : "",
        "contentType" : "JSON",
        "documentState" : "VALID"
      }
    }
  } ]
}