objectPath,objectName,objectType,id
/Explore/Default,m_SCD_Type2_Date_MD5,DTEMPLATE,1NHDb4FVp5OkyKD8ME7SK0
/SYS,Oracle_Tgt,Connection,5BxBm1I69VCgs8TjLDOkiE
/SYS,Oracle_Src,Connection,afZLb4noploimRamr6E6Qb
/Explore/Default,mct_m_SCD_Type2_Flag,MTT,b2dzxQ2zF0eaZSy9YlEuIn
/Explore/Default,mct_Load_4th_record,MTT,eLoHJC1aZ2EeJ7Z7Ft2MUv
/Explore/Default,PowerCenter Task1,PCS,6xe7RPgQriPjEXo5lbjPAP
/Explore/Default,m_Load_every_4th_record,DTEMPLATE,3yC5M3zh39Wb76lR4EMdSt
/SYS,NIC,AgentGroup,3CNHn7EHKSxfWOUm6LkL0F
/Explore,Default,Project,kNAhnusizstcDgRIYbYtuZ
/Explore/Default,tf_parallel,TASKFLOW,5ZiSxtOK07zgT6KgVPiUiO
/Explore/Default,mct_m_SCD_Type2_Date_MD5,MTT,3O71BulSPaRjYqsIuf08eg
/Explore/Default,m_SCD_Type2_Flag,DTEMPLATE,ajjJNmZkODObHigFRKOkOT