objectPath,objectName,objectType,id
/Explore/Batch_27,mct_lookup_1,MTT,3wauN6wM7VGcnjHnnIptGm
/Explore/Batch_27,tf_persistent_cache,TASKFLOW,2sX8495ZZtodbKT4xAcLeA
/Explore/Batch_27,m_Parameter,DTEMPLATE,je10SAn6VIkdNb1Kl5h1kp
/SYS,Oracle_Source,Connection,hv83tk7XTWycumlgyaea4b
/Explore/Batch_27,mct_sequence_generator,MTT,hztoN9CQrsMd2pyNP3LnwD
/SYS,Source_FlatFile_Connection,Connection,6483a7f5SqVil1neTc47gz
/Explore/Batch_27,mct_lookup_2,MTT,atmED5CTaTrlH5N9FfenwM
/Explore,Batch_27,Project,k0ViFHDIPwRgBbcbx9vzu7
/Explore/Batch_27,tf_Parameter_Driven_Orchestration,TASKFLOW,0CIZ4vH3rzzhf2MlDMaFsv
/Explore/Batch_27,m_lookup_cache1,DTEMPLATE,51vmSY1GJylkLNCP5ipx0r
/Explore/Batch_27,mct_Parameter,MTT,399NWT4KhPNf6VK56uRbGT
/SYS,NIC,AgentGroup,3CNHn7EHKSxfWOUm6LkL0F
/SYS,Oracle_Target,Connection,5mcu5QF1xCngimeQA50jUf
/Explore/Batch_27,m_Lookup_cache2,DTEMPLATE,bsl6hZWOSSfdI5BbR1ZN4y
/Explore/Batch_27,m_Sequnce_Generator,DTEMPLATE,f9FlVtyMs8pfYl7szIijqK