{
  "name" : "tf_Parameter_Driven_Orchestration-1760823231527",
  "sourceOrgId" : "3dsDMwTTIXkbBEjWg1rTwH",
  "sourceOrgName" : "Shashi IICS",
  "exportedObjects" : [ {
    "objectGuid" : "3wauN6wM7VGcnjHnnIptGm",
    "objectName" : "mct_lookup_1",
    "objectType" : "MTT",
    "path" : "/Explore/Batch_27",
    "providerName" : null,
    "metadata" : {
      "modelVersion" : {
        "major" : 0,
        "minor" : 0
      },
      "repoInfo" : {
        "repoHandle" : "01DH6N0Z000000000004"
      },
      "objectRefs" : [ "3CNHn7EHKSxfWOUm6LkL0F", "hv83tk7XTWycumlgyaea4b", "5mcu5QF1xCngimeQA50jUf", "51vmSY1GJylkLNCP5ipx0r" ],
      "contextAttributes" : [ {
        "name" : "id",
        "value" : "@1"
      } ],
      "additionalInfo" : {
        "description" : null,
        "contentType" : "JSON",
        "documentState" : "VALID"
      }
    }
  }, {
    "objectGuid" : "2sX8495ZZtodbKT4xAcLeA",
    "objectName" : "tf_persistent_cache",
    "objectType" : "TASKFLOW",
    "path" : "/Explore/Batch_27",
    "providerName" : null,
    "metadata" : {
      "modelVersion" : {
        "major" : 1,
        "minor" : 0
      },
      "repoInfo" : {
        "repoHandle" : "TA56UtLnzYLnzYL-gt-22301459-2025-10-06T11:08:59.737Z::tf.xml"
      },
      "objectRefs" : [ "3wauN6wM7VGcnjHnnIptGm", "atmED5CTaTrlH5N9FfenwM" ],
      "contextAttributes" : null,
      "additionalInfo" : {
        "description" : "",
        "contentType" : "application/json; charset=utf-8",
        "documentState" : "VALID"
      }
    }
  }, {
    "objectGuid" : "je10SAn6VIkdNb1Kl5h1kp",
    "objectName" : "m_Parameter",
    "objectType" : "DTEMPLATE",
    "path" : "/Explore/Batch_27",
    "providerName" : null,
    "metadata" : {
      "modelVersion" : {
        "major" : 0,
        "minor" : 0
      },
      "repoInfo" : {
        "repoHandle" : "01DH6N17000000000023"
      },
      "objectRefs" : [ "hv83tk7XTWycumlgyaea4b", "5mcu5QF1xCngimeQA50jUf" ],
      "contextAttributes" : [ {
        "name" : "id",
        "value" : "@1"
      } ],
      "additionalInfo" : {
        "description" : "",
        "contentType" : "JSON",
        "documentState" : "VALID"
      }
    }
  }, {
    "objectGuid" : "hv83tk7XTWycumlgyaea4b",
    "objectName" : "Oracle_Source",
    "objectType" : "Connection",
    "path" : "/SYS",
    "providerName" : null,
    "metadata" : {
      "modelVersion" : {
        "major" : 0,
        "minor" : 0
      },
      "repoInfo" : {
        "repoHandle" : "01DH6N0B00000000000I"
      },
      "objectRefs" : [ "3CNHn7EHKSxfWOUm6LkL0F" ],
      "contextAttributes" : [ {
        "name" : "id",
        "value" : "@1"
      } ],
      "additionalInfo" : {
        "description" : null,
        "contentType" : "JSON",
        "documentState" : "COMPLETE"
      }
    }
  }, {
    "objectGuid" : "hztoN9CQrsMd2pyNP3LnwD",
    "objectName" : "mct_sequence_generator",
    "objectType" : "MTT",
    "path" : "/Explore/Batch_27",
    "providerName" : null,
    "metadata" : {
      "modelVersion" : {
        "major" : 0,
        "minor" : 0
      },
      "repoInfo" : {
        "repoHandle" : "01DH6N0Z00000000000D"
      },
      "objectRefs" : [ "3CNHn7EHKSxfWOUm6LkL0F", "hv83tk7XTWycumlgyaea4b", "5mcu5QF1xCngimeQA50jUf", "f9FlVtyMs8pfYl7szIijqK" ],
      "contextAttributes" : [ {
        "name" : "id",
        "value" : "@1"
      } ],
      "additionalInfo" : {
        "description" : null,
        "contentType" : "JSON",
        "documentState" : "VALID"
      }
    }
  }, {
    "objectGuid" : "6483a7f5SqVil1neTc47gz",
    "objectName" : "Source_FlatFile_Connection",
    "objectType" : "Connection",
    "path" : "/SYS",
    "providerName" : null,
    "metadata" : {
      "modelVersion" : {
        "major" : 0,
        "minor" : 0
      },
      "repoInfo" : {
        "repoHandle" : "01DH6N0B00000000000F"
      },
      "objectRefs" : [ "3CNHn7EHKSxfWOUm6LkL0F" ],
      "contextAttributes" : [ {
        "name" : "id",
        "value" : "@1"
      } ],
      "additionalInfo" : {
        "description" : null,
        "contentType" : "JSON",
        "documentState" : "COMPLETE"
      }
    }
  }, {
    "objectGuid" : "atmED5CTaTrlH5N9FfenwM",
    "objectName" : "mct_lookup_2",
    "objectType" : "MTT",
    "path" : "/Explore/Batch_27",
    "providerName" : null,
    "metadata" : {
      "modelVersion" : {
        "major" : 0,
        "minor" : 0
      },
      "repoInfo" : {
        "repoHandle" : "01DH6N0Z00000000000I"
      },
      "objectRefs" : [ "3CNHn7EHKSxfWOUm6LkL0F", "hv83tk7XTWycumlgyaea4b", "6483a7f5SqVil1neTc47gz", "5mcu5QF1xCngimeQA50jUf", "bsl6hZWOSSfdI5BbR1ZN4y" ],
      "contextAttributes" : [ {
        "name" : "id",
        "value" : "@1"
      } ],
      "additionalInfo" : {
        "description" : null,
        "contentType" : "JSON",
        "documentState" : "VALID"
      }
    }
  }, {
    "objectGuid" : "k0ViFHDIPwRgBbcbx9vzu7",
    "objectName" : "Batch_27",
    "objectType" : "Project",
    "path" : "/Explore",
    "providerName" : null,
    "metadata" : {
      "modelVersion" : {
        "major" : 0,
        "minor" : 0
      },
      "repoInfo" : null,
      "objectRefs" : [ ],
      "contextAttributes" : [ ],
      "additionalInfo" : {
        "description" : "",
        "contentType" : "Binary",
        "documentState" : "COMPLETE"
      }
    }
  }, {
    "objectGuid" : "0CIZ4vH3rzzhf2MlDMaFsv",
    "objectName" : "tf_Parameter_Driven_Orchestration",
    "objectType" : "TASKFLOW",
    "path" : "/Explore/Batch_27",
    "providerName" : null,
    "metadata" : {
      "modelVersion" : {
        "major" : 1,
        "minor" : 0
      },
      "repoInfo" : {
        "repoHandle" : "y0zFMi4tciSrZMS-gt-22301581-2025-10-06T11:09:02.399Z::tf.xml"
      },
      "objectRefs" : [ "399NWT4KhPNf6VK56uRbGT", "2sX8495ZZtodbKT4xAcLeA", "hztoN9CQrsMd2pyNP3LnwD" ],
      "contextAttributes" : null,
      "additionalInfo" : {
        "description" : "",
        "contentType" : "application/json; charset=utf-8",
        "documentState" : "VALID"
      }
    }
  }, {
    "objectGuid" : "51vmSY1GJylkLNCP5ipx0r",
    "objectName" : "m_lookup_cache1",
    "objectType" : "DTEMPLATE",
    "path" : "/Explore/Batch_27",
    "providerName" : null,
    "metadata" : {
      "modelVersion" : {
        "major" : 0,
        "minor" : 0
      },
      "repoInfo" : {
        "repoHandle" : "01DH6N1700000000002D"
      },
      "objectRefs" : [ "hv83tk7XTWycumlgyaea4b", "5mcu5QF1xCngimeQA50jUf" ],
      "contextAttributes" : [ {
        "name" : "id",
        "value" : "@1"
      } ],
      "additionalInfo" : {
        "description" : "",
        "contentType" : "JSON",
        "documentState" : "VALID"
      }
    }
  }, {
    "objectGuid" : "399NWT4KhPNf6VK56uRbGT",
    "objectName" : "mct_Parameter",
    "objectType" : "MTT",
    "path" : "/Explore/Batch_27",
    "providerName" : null,
    "metadata" : {
      "modelVersion" : {
        "major" : 0,
        "minor" : 0
      },
      "repoInfo" : {
        "repoHandle" : "01DH6N0Z000000000003"
      },
      "objectRefs" : [ "je10SAn6VIkdNb1Kl5h1kp", "3CNHn7EHKSxfWOUm6LkL0F", "hv83tk7XTWycumlgyaea4b", "5mcu5QF1xCngimeQA50jUf" ],
      "contextAttributes" : [ {
        "name" : "id",
        "value" : "@1"
      } ],
      "additionalInfo" : {
        "description" : null,
        "contentType" : "JSON",
        "documentState" : "VALID"
      }
    }
  }, {
    "objectGuid" : "3CNHn7EHKSxfWOUm6LkL0F",
    "objectName" : "NIC",
    "objectType" : "AgentGroup",
    "path" : "/SYS",
    "providerName" : null,
    "metadata" : {
      "modelVersion" : {
        "major" : 0,
        "minor" : 0
      },
      "repoInfo" : {
        "repoHandle" : "01DH6N25000000000002"
      },
      "objectRefs" : [ ],
      "contextAttributes" : [ {
        "name" : "id",
        "value" : "@1"
      } ],
      "additionalInfo" : {
        "description" : null,
        "contentType" : "JSON",
        "documentState" : "VALID"
      }
    }
  }, {
    "objectGuid" : "5mcu5QF1xCngimeQA50jUf",
    "objectName" : "Oracle_Target",
    "objectType" : "Connection",
    "path" : "/SYS",
    "providerName" : null,
    "metadata" : {
      "modelVersion" : {
        "major" : 0,
        "minor" : 0
      },
      "repoInfo" : {
        "repoHandle" : "01DH6N0B00000000000G"
      },
      "objectRefs" : [ "3CNHn7EHKSxfWOUm6LkL0F" ],
      "contextAttributes" : [ {
        "name" : "id",
        "value" : "@1"
      } ],
      "additionalInfo" : {
        "description" : null,
        "contentType" : "JSON",
        "documentState" : "COMPLETE"
      }
    }
  }, {
    "objectGuid" : "bsl6hZWOSSfdI5BbR1ZN4y",
    "objectName" : "m_Lookup_cache2",
    "objectType" : "DTEMPLATE",
    "path" : "/Explore/Batch_27",
    "providerName" : null,
    "metadata" : {
      "modelVersion" : {
        "major" : 0,
        "minor" : 0
      },
      "repoInfo" : {
        "repoHandle" : "01DH6N17000000000027"
      },
      "objectRefs" : [ "hv83tk7XTWycumlgyaea4b", "6483a7f5SqVil1neTc47gz", "5mcu5QF1xCngimeQA50jUf" ],
      "contextAttributes" : [ {
        "name" : "id",
        "value" : "@1"
      } ],
      "additionalInfo" : {
        "description" : "",
        "contentType" : "JSON",
        "documentState" : "VALID"
      }
    }
  }, {
    "objectGuid" : "f9FlVtyMs8pfYl7szIijqK",
    "objectName" : "m_Sequnce_Generator",
    "objectType" : "DTEMPLATE",
    "path" : "/Explore/Batch_27",
    "providerName" : null,
    "metadata" : {
      "modelVersion" : {
        "major" : 0,
        "minor" : 0
      },
      "repoInfo" : {
        "repoHandle" : "01DH6N1700000000003S"
      },
      "objectRefs" : [ "hv83tk7XTWycumlgyaea4b", "5mcu5QF1xCngimeQA50jUf" ],
      "contextAttributes" : [ {
        "name" : "id",
        "value" : "@1"
      } ],
      "additionalInfo" : {
        "description" : "",
        "contentType" : "JSON",
        "documentState" : "VALID"
      }
    }
  } ]
}