<aetgt:getResponse xmlns:aetgt="http://schemas.active-endpoints.com/appmodules/repository/2010/10/avrepository.xsd"
                   xmlns:types1="http://schemas.active-endpoints.com/appmodules/repository/2010/10/avrepository.xsd">
   <types1:Item>
      <types1:EntryId>wPKUyaaaaa-gt-24177000-2025-10-06T11:08:57.369Z::tf.xml</types1:EntryId>
      <types1:Name>tf_parallel</types1:Name>
      <types1:MimeType>application/xml+taskflow</types1:MimeType>
      <types1:Description/>
      <types1:AppliesTo/>
      <types1:Tags/>
      <types1:VersionLabel>1.0</types1:VersionLabel>
      <types1:State>CURRENT</types1:State>
      <types1:ProcessGroup/>
      <types1:CreatedBy>shashiskyrocketflyer@gmail.com</types1:CreatedBy>
      <types1:CreationDate>2025-10-06T11:08:57Z</types1:CreationDate>
      <types1:ModifiedBy>shashiskyrocketflyer@gmail.com</types1:ModifiedBy>
      <types1:ModificationDate>2025-10-17T20:04:45Z</types1:ModificationDate>
      <types1:PublicationStatus>unpublished</types1:PublicationStatus>
      <types1:Entry>
         <taskflow xmlns="http://schemas.active-endpoints.com/appmodules/screenflow/2010/10/avosScreenflow.xsd"
                   xmlns:tfm="http://schemas.active-endpoints.com/appmodules/screenflow/2021/04/taskflowModel.xsd"
                   xmlns:list="urn:activevos:spi:list:functions"
                   displayName="tf_parallel"
                   name="tf_parallel"
                   overrideAPIName="false">
            <parameterSet xmlns="http://schemas.active-endpoints.com/appmodules/screenflow/2021/04/taskflowModel.xsd"/>
            <appliesTo/>
            <description/>
            <tags/>
            <generator>Informatica Process Designer 11</generator>
            <tempFields>
               <field description="" name="mt_SCD2_Date_MD5_Process" type="reference">
                  <options>
                     <option name="referenceTo">$po:mct-m-SCD-Type2-Date-MD5-3O71BulSPaRjYqsIuf08eg</option>
                  </options>
               </field>
               <field description="" name="mt_SCD2_Flag_Update" type="reference">
                  <options>
                     <option name="referenceTo">$po:mct-m-SCD-Type2-Flag-b2dzxQ2zF0eaZSy9YlEuIn</option>
                  </options>
               </field>
               <field description="" name="mt_PowerCenter_Task" type="reference">
                  <options>
                     <option name="failOnNotRun">false</option>
                     <option name="failOnFault">false</option>
                     <option name="referenceTo">$po:PowerCenter-Task1-6xe7RPgQriPjEXo5lbjPAP</option>
                  </options>
               </field>
               <field description="" name="mt_Load_Every_4th_Record" type="reference">
                  <options>
                     <option name="failOnNotRun">false</option>
                     <option name="failOnFault">true</option>
                     <option name="referenceTo">$po:mct-Load-4th-record-eLoHJC1aZ2EeJ7Z7Ft2MUv</option>
                  </options>
               </field>
            </tempFields>
            <notes/>
            <deployment skipIfRunning="false" suspendOnFault="false" tracingLevel="verbose">
               <rest>
                  <allowedUsers>
                     <user>nicitacademyb26@gmail.com</user>
                  </allowedUsers>
               </rest>
            </deployment>
            <extData>
               <nvpair name="treatEmptyStringAsNotNull">false</nvpair>
               <nvpair name="treatEmptyObjectListAsArray">false</nvpair>
            </extData>
            <flow id="a">
               <start id="b">
                  <link id="j3wg4fhg" targetId="j3wg4fhf"/>
               </start>
               <container id="j3wg4fhf" type="parallel">
                  <title>prl_SCD2_and_PC</title>
                  <flow id="j3wg4fhj">
                     <eventContainer id="mb79vnuj">
                        <service id="j3wg4fhu">
                           <title>mt_SCD2_Date_MD5_Process</title>
                           <serviceName>ICSExecuteDataTask</serviceName>
                           <serviceGUID/>
                           <serviceInput>
                              <parameter name="Wait for Task to Complete" source="constant" updatable="true">true</parameter>
                              <parameter name="Max Wait" source="constant" updatable="true">604800</parameter>
                              <parameter name="Task Name" source="constant" updatable="true">mct_m_SCD_Type2_Date_MD5</parameter>
                              <parameter name="GUID" source="constant" updatable="true">3O71BulSPaRjYqsIuf08eg</parameter>
                              <parameter name="Task Type" source="constant" updatable="true">MCT</parameter>
                              <parameter name="Has Inout Parameters" source="constant" updatable="true">false</parameter>
                              <parameter name="taskField" source="nested">
                                 <operation source="field" to="mct-m-SCD-Type2-Date-MD5-3O71BulSPaRjYqsIuf08eg">temp.mt_SCD2_Date_MD5_Process</operation>
                              </parameter>
                           </serviceInput>
                           <serviceOutput>
                              <operation source="field" to="temp.mct_m_SCD_Type2_Date_MD5/output/Object_Name">Object Name</operation>
                              <operation source="field" to="temp.mct_m_SCD_Type2_Date_MD5/output/Run_Id">Run Id</operation>
                              <operation source="field" to="temp.mct_m_SCD_Type2_Date_MD5/output/Log_Id">Log Id</operation>
                              <operation source="field" to="temp.mct_m_SCD_Type2_Date_MD5/output/Task_Id">Task Id</operation>
                              <operation source="field" to="temp.mct_m_SCD_Type2_Date_MD5/output/Task_Status">Task Status</operation>
                              <operation source="field"
                                         to="temp.mct_m_SCD_Type2_Date_MD5/output/Success_Source_Rows">Success Source Rows</operation>
                              <operation source="field"
                                         to="temp.mct_m_SCD_Type2_Date_MD5/output/Failed_Source_Rows">Failed Source Rows</operation>
                              <operation source="field"
                                         to="temp.mct_m_SCD_Type2_Date_MD5/output/Success_Target_Rows">Success Target Rows</operation>
                              <operation source="field"
                                         to="temp.mct_m_SCD_Type2_Date_MD5/output/Failed_Target_Rows">Failed Target Rows</operation>
                              <operation source="field" to="temp.mct_m_SCD_Type2_Date_MD5/output/Start_Time">Start Time</operation>
                              <operation source="field" to="temp.mct_m_SCD_Type2_Date_MD5/output/End_Time">End Time</operation>
                              <operation source="field" to="temp.mct_m_SCD_Type2_Date_MD5/output/Error_Message">Error Message</operation>
                              <operation source="field"
                                         to="temp.mct_m_SCD_Type2_Date_MD5/output/TotalTransErrors">Total Transformation Errors</operation>
                              <operation source="field" to="temp.mct_m_SCD_Type2_Date_MD5/output/FirstErrorCode">First Error Code</operation>
                           </serviceOutput>
                        </service>
                        <events>
                           <catch faultField="temp.mct_m_SCD_Type2_Date_MD5/fault"
                                  id="mb79vnuh"
                                  interrupting="true"
                                  name="error">
                              <suspend/>
                           </catch>
                           <catch faultField="temp.mct_m_SCD_Type2_Date_MD5/fault"
                                  id="mb79vnui"
                                  interrupting="true"
                                  name="warning"/>
                        </events>
                     </eventContainer>
                     <link id="j3wg4fhk" targetId="j3wg4fhf" type="containerLink"/>
                  </flow>
                  <flow id="j3wg4fhm">
                     <eventContainer id="mb79vnwx">
                        <service id="j3wg4fi4">
                           <title>mt_SCD2_Flag_Update</title>
                           <serviceName>ICSExecuteDataTask</serviceName>
                           <serviceGUID/>
                           <serviceInput>
                              <parameter name="Wait for Task to Complete" source="constant" updatable="true">true</parameter>
                              <parameter name="Max Wait" source="constant" updatable="true">604800</parameter>
                              <parameter name="Task Name" source="constant" updatable="true">mct_m_SCD_Type2_Flag</parameter>
                              <parameter name="GUID" source="constant" updatable="true">b2dzxQ2zF0eaZSy9YlEuIn</parameter>
                              <parameter name="Task Type" source="constant" updatable="true">MCT</parameter>
                              <parameter name="Has Inout Parameters" source="constant" updatable="true">false</parameter>
                              <parameter name="taskField" source="nested">
                                 <operation source="field" to="mct-m-SCD-Type2-Flag-b2dzxQ2zF0eaZSy9YlEuIn">temp.mt_SCD2_Flag_Update</operation>
                              </parameter>
                           </serviceInput>
                           <serviceOutput>
                              <operation source="field" to="temp.mct_m_SCD_Type2_Flag/output/Object_Name">Object Name</operation>
                              <operation source="field" to="temp.mct_m_SCD_Type2_Flag/output/Run_Id">Run Id</operation>
                              <operation source="field" to="temp.mct_m_SCD_Type2_Flag/output/Log_Id">Log Id</operation>
                              <operation source="field" to="temp.mct_m_SCD_Type2_Flag/output/Task_Id">Task Id</operation>
                              <operation source="field" to="temp.mct_m_SCD_Type2_Flag/output/Task_Status">Task Status</operation>
                              <operation source="field"
                                         to="temp.mct_m_SCD_Type2_Flag/output/Success_Source_Rows">Success Source Rows</operation>
                              <operation source="field" to="temp.mct_m_SCD_Type2_Flag/output/Failed_Source_Rows">Failed Source Rows</operation>
                              <operation source="field"
                                         to="temp.mct_m_SCD_Type2_Flag/output/Success_Target_Rows">Success Target Rows</operation>
                              <operation source="field" to="temp.mct_m_SCD_Type2_Flag/output/Failed_Target_Rows">Failed Target Rows</operation>
                              <operation source="field" to="temp.mct_m_SCD_Type2_Flag/output/Start_Time">Start Time</operation>
                              <operation source="field" to="temp.mct_m_SCD_Type2_Flag/output/End_Time">End Time</operation>
                              <operation source="field" to="temp.mct_m_SCD_Type2_Flag/output/Error_Message">Error Message</operation>
                              <operation source="field" to="temp.mct_m_SCD_Type2_Flag/output/TotalTransErrors">Total Transformation Errors</operation>
                              <operation source="field" to="temp.mct_m_SCD_Type2_Flag/output/FirstErrorCode">First Error Code</operation>
                           </serviceOutput>
                        </service>
                        <events>
                           <catch faultField="temp.mct_m_SCD_Type2_Flag/fault"
                                  id="mb79vnwv"
                                  interrupting="true"
                                  name="error">
                              <suspend/>
                           </catch>
                           <catch faultField="temp.mct_m_SCD_Type2_Flag/fault"
                                  id="mb79vnww"
                                  interrupting="true"
                                  name="warning"/>
                        </events>
                     </eventContainer>
                     <link id="j3wg4fhn" targetId="j3wg4fhf" type="containerLink"/>
                  </flow>
                  <flow id="mb7a6wog">
                     <eventContainer id="mb7a6wpb">
                        <service id="mb7a6won">
                           <title>mt_PowerCenter_Task</title>
                           <serviceName>ICSExecuteDataTask</serviceName>
                           <serviceGUID/>
                           <serviceInput>
                              <parameter name="Wait for Task to Complete" source="constant" updatable="true">true</parameter>
                              <parameter name="Max Wait" source="constant" updatable="true">604800</parameter>
                              <parameter name="Task Name" source="constant" updatable="true">PowerCenter Task1</parameter>
                              <parameter name="GUID" source="constant" updatable="true">6xe7RPgQriPjEXo5lbjPAP</parameter>
                              <parameter name="Task Type" source="constant" updatable="true">SAAS_PCTASK</parameter>
                              <parameter name="Has Inout Parameters" source="constant" updatable="true">false</parameter>
                              <parameter name="taskField" source="nested">
                                 <operation source="field" to="PowerCenter-Task1-6xe7RPgQriPjEXo5lbjPAP">temp.mt_PowerCenter_Task</operation>
                              </parameter>
                           </serviceInput>
                           <serviceOutput>
                              <operation source="field" to="temp.mtt_PowerCenter_Task/output/Object_Name">Object Name</operation>
                              <operation source="field" to="temp.mtt_PowerCenter_Task/output/Run_Id">Run Id</operation>
                              <operation source="field" to="temp.mtt_PowerCenter_Task/output/Log_Id">Log Id</operation>
                              <operation source="field" to="temp.mtt_PowerCenter_Task/output/Task_Id">Task Id</operation>
                              <operation source="field" to="temp.mtt_PowerCenter_Task/output/Task_Status">Task Status</operation>
                              <operation source="field"
                                         to="temp.mtt_PowerCenter_Task/output/Success_Source_Rows">Success Source Rows</operation>
                              <operation source="field" to="temp.mtt_PowerCenter_Task/output/Failed_Source_Rows">Failed Source Rows</operation>
                              <operation source="field"
                                         to="temp.mtt_PowerCenter_Task/output/Success_Target_Rows">Success Target Rows</operation>
                              <operation source="field" to="temp.mtt_PowerCenter_Task/output/Failed_Target_Rows">Failed Target Rows</operation>
                              <operation source="field" to="temp.mtt_PowerCenter_Task/output/Start_Time">Start Time</operation>
                              <operation source="field" to="temp.mtt_PowerCenter_Task/output/End_Time">End Time</operation>
                              <operation source="field" to="temp.mtt_PowerCenter_Task/output/Error_Message">Error Message</operation>
                              <operation source="field" to="temp.mtt_PowerCenter_Task/output/TotalTransErrors">Total Transformation Errors</operation>
                              <operation source="field" to="temp.mtt_PowerCenter_Task/output/FirstErrorCode">First Error Code</operation>
                           </serviceOutput>
                        </service>
                        <events>
                           <catch faultField="temp.mtt_PowerCenter_Task/fault"
                                  id="mb7a6wp9"
                                  interrupting="true"
                                  name="error">
                              <suspend/>
                           </catch>
                           <catch faultField="temp.mtt_PowerCenter_Task/fault"
                                  id="mb7a6wpa"
                                  interrupting="true"
                                  name="warning"/>
                        </events>
                     </eventContainer>
                     <link id="mb7a6woh" targetId="j3wg4fhf" type="containerLink"/>
                  </flow>
                  <link id="j3wg4fhi" targetId="j3wg4fhj" type="containerLink"/>
                  <link id="j3wg4fhl" targetId="j3wg4fhm" type="containerLink"/>
                  <link id="mb7a6wof" targetId="mb7a6wog" type="containerLink"/>
                  <link id="mb7a6wq2" targetId="mb7a6wq1"/>
               </container>
               <container id="mb7a6wq1" type="exclusive">
                  <title>Decision 1</title>
                  <flow id="mb7a6wq5">
                     <eventContainer id="mgv9aqe7">
                        <service id="mb7a6wqi">
                           <title>ntf_Success_Parallel_Pass</title>
                           <serviceName>emailNotificationService</serviceName>
                           <serviceGUID/>
                           <serviceInput>
                              <parameter name="Email To" source="constant">nicitacademyb26@gmail.com</parameter>
                              <parameter name="Email Cc" source="constant"/>
                              <parameter name="Email Bcc" source="constant"/>
                              <parameter name="Email Subject" source="constant">All 3 tasks are completed successfully</parameter>
                              <parameter name="Email Content Type" source="constant">html</parameter>
                              <parameter name="Email Body" source="constant"> &lt;p&gt;Hi team,&amp;nbsp;&lt;/p&gt;
&lt;p&gt;All the 3 tasks are completed successfully.&amp;nbsp;&lt;/p&gt;
&lt;p&gt;SCD Flag task - success target rows: {$temp.mct_m_SCD_Type2_Flag[1]/output[1]/Success_Target_Rows}&lt;/p&gt;
&lt;p&gt;&amp;nbsp;&lt;/p&gt;
&lt;p&gt;Thanks,&lt;/p&gt;
&lt;p&gt;ETL support team&lt;/p&gt; </parameter>
                           </serviceInput>
                           <serviceOutput/>
                        </service>
                        <link id="mb7a6wzi" targetId="mb7a6x09"/>
                        <events>
                           <catch faultField="temp.dummyTF5895/fault"
                                  id="mgv9aq8l"
                                  interrupting="true"
                                  name="warning"/>
                        </events>
                     </eventContainer>
                     <eventContainer id="mb7a6x09">
                        <service id="mb7a6wzh">
                           <title>mt_Load_Every_4th_Record</title>
                           <serviceName>ICSExecuteDataTask</serviceName>
                           <serviceGUID/>
                           <serviceInput>
                              <parameter name="Wait for Task to Complete" source="constant" updatable="true">true</parameter>
                              <parameter name="Max Wait" source="constant" updatable="true">604800</parameter>
                              <parameter name="Task Name" source="constant" updatable="true">mct_Load_4th_record</parameter>
                              <parameter name="GUID" source="constant" updatable="true">eLoHJC1aZ2EeJ7Z7Ft2MUv</parameter>
                              <parameter name="Task Type" source="constant" updatable="true">MCT</parameter>
                              <parameter name="Has Inout Parameters" source="constant" updatable="true">false</parameter>
                              <parameter name="taskField" source="nested">
                                 <operation source="field" to="mct-Load-4th-record-eLoHJC1aZ2EeJ7Z7Ft2MUv">temp.Data Task 2</operation>
                              </parameter>
                           </serviceInput>
                           <serviceOutput>
                              <operation source="field" to="temp.mtt_Load_4th_record/output/Object_Name">Object Name</operation>
                              <operation source="field" to="temp.mtt_Load_4th_record/output/Run_Id">Run Id</operation>
                              <operation source="field" to="temp.mtt_Load_4th_record/output/Log_Id">Log Id</operation>
                              <operation source="field" to="temp.mtt_Load_4th_record/output/Task_Id">Task Id</operation>
                              <operation source="field" to="temp.mtt_Load_4th_record/output/Task_Status">Task Status</operation>
                              <operation source="field" to="temp.mtt_Load_4th_record/output/Success_Source_Rows">Success Source Rows</operation>
                              <operation source="field" to="temp.mtt_Load_4th_record/output/Failed_Source_Rows">Failed Source Rows</operation>
                              <operation source="field" to="temp.mtt_Load_4th_record/output/Success_Target_Rows">Success Target Rows</operation>
                              <operation source="field" to="temp.mtt_Load_4th_record/output/Failed_Target_Rows">Failed Target Rows</operation>
                              <operation source="field" to="temp.mtt_Load_4th_record/output/Start_Time">Start Time</operation>
                              <operation source="field" to="temp.mtt_Load_4th_record/output/End_Time">End Time</operation>
                              <operation source="field" to="temp.mtt_Load_4th_record/output/Error_Message">Error Message</operation>
                              <operation source="field" to="temp.mtt_Load_4th_record/output/TotalTransErrors">Total Transformation Errors</operation>
                              <operation source="field" to="temp.mtt_Load_4th_record/output/FirstErrorCode">First Error Code</operation>
                           </serviceOutput>
                        </service>
                        <events>
                           <catch faultField="temp.mtt_Load_4th_record/fault"
                                  id="mb7a6x07"
                                  interrupting="true"
                                  name="error"/>
                           <catch faultField="temp.mtt_Load_4th_record/fault"
                                  id="mb7a6x08"
                                  interrupting="true"
                                  name="warning"/>
                        </events>
                     </eventContainer>
                     <link id="mb7a6wq6" targetId="mb7a6wq1" type="containerLink"/>
                  </flow>
                  <flow id="mb7a6wq8">
                     <eventContainer id="mgv9aqeo">
                        <service id="mb7a6wqw">
                           <title>ntf_Failure_Parallel_Flag</title>
                           <serviceName>emailNotificationService</serviceName>
                           <serviceGUID/>
                           <serviceInput>
                              <parameter name="Email To" source="constant">nicitacademyb26@gmail.com</parameter>
                              <parameter name="Email Cc" source="constant"/>
                              <parameter name="Email Bcc" source="constant"/>
                              <parameter name="Email Subject" source="constant">Attention: One or more tasks are failed, please check</parameter>
                              <parameter name="Email Content Type" source="constant">html</parameter>
                              <parameter name="Email Body" source="constant"/>
                           </serviceInput>
                           <serviceOutput/>
                        </service>
                        <events>
                           <catch faultField="temp.dummyTF5895/fault"
                                  id="mgv9aq8z"
                                  interrupting="true"
                                  name="warning"/>
                        </events>
                     </eventContainer>
                     <link id="mb7a6wq9" targetId="mb7a6wq1" type="containerLink"/>
                  </flow>
                  <link id="mb7a6wq4" targetId="mb7a6wq5" type="containerLink">
                     <condition source="formula">
                        <function name="string-equals">
                           <arg name="left" source="formula">{if ($temp.mct_m_SCD_Type2_Date_MD5[1]/output[1]/Task_Status = 1 and $temp.mct_m_SCD_Type2_Flag[1]/output[1]/Task_Status =  1 and $temp.mtt_PowerCenter_Task[1]/output[1]/Task_Status = 1) then 'pass' else 'fail'}</arg>
                           <arg name="right">pass</arg>
                        </function>
                     </condition>
                  </link>
                  <link id="mb7a6wq7" targetId="mb7a6wq8" type="containerLink"/>
                  <link id="mb7a6wq3" targetId="c"/>
               </container>
               <end id="c"/>
            </flow>
            <dependencies>
               <processObject xmlns="http://schemas.active-endpoints.com/appmodules/screenflow/2011/06/avosHostEnvironment.xsd"
                              displayName="mct-m-SCD-Type2-Date-MD5-3O71BulSPaRjYqsIuf08eg"
                              isByCopy="true"
                              name="mct-m-SCD-Type2-Date-MD5-3O71BulSPaRjYqsIuf08eg">
                  <description/>
                  <tags/>
                  <detail>
                     <field label="TaskProperties Parameters"
                            name="taskProperties"
                            nullable="true"
                            required="false"
                            type="reference"/>
                     <field label="Output Parameters"
                            name="output"
                            nullable="true"
                            required="false"
                            type="reference"/>
                     <field label="Fault"
                            name="fault"
                            nullable="true"
                            required="false"
                            type="reference"/>
                     <field label="Max Wait (Seconds)"
                            name="Max_Wait"
                            nullable="true"
                            required="false"
                            type="int"/>
                  </detail>
               </processObject>
               <processObject xmlns="http://schemas.active-endpoints.com/appmodules/screenflow/2011/06/avosHostEnvironment.xsd"
                              displayName="mct-m-SCD-Type2-Flag-b2dzxQ2zF0eaZSy9YlEuIn"
                              isByCopy="true"
                              name="mct-m-SCD-Type2-Flag-b2dzxQ2zF0eaZSy9YlEuIn">
                  <description/>
                  <tags/>
                  <detail>
                     <field label="TaskProperties Parameters"
                            name="taskProperties"
                            nullable="true"
                            required="false"
                            type="reference"/>
                     <field label="Output Parameters"
                            name="output"
                            nullable="true"
                            required="false"
                            type="reference"/>
                     <field label="Fault"
                            name="fault"
                            nullable="true"
                            required="false"
                            type="reference"/>
                     <field label="Max Wait (Seconds)"
                            name="Max_Wait"
                            nullable="true"
                            required="false"
                            type="int"/>
                  </detail>
               </processObject>
               <processObject xmlns="http://schemas.active-endpoints.com/appmodules/screenflow/2011/06/avosHostEnvironment.xsd"
                              displayName="PowerCenter-Task1-6xe7RPgQriPjEXo5lbjPAP"
                              isByCopy="true"
                              name="PowerCenter-Task1-6xe7RPgQriPjEXo5lbjPAP">
                  <description/>
                  <tags/>
                  <detail>
                     <field label="Output Parameters"
                            name="output"
                            nullable="true"
                            required="false"
                            type="reference"/>
                     <field label="Fault"
                            name="fault"
                            nullable="true"
                            required="false"
                            type="reference"/>
                     <field label="Max Wait (Seconds)"
                            name="Max_Wait"
                            nullable="true"
                            required="false"
                            type="int"/>
                  </detail>
               </processObject>
               <processObject xmlns="http://schemas.active-endpoints.com/appmodules/screenflow/2011/06/avosHostEnvironment.xsd"
                              displayName="mct-Load-4th-record-eLoHJC1aZ2EeJ7Z7Ft2MUv"
                              isByCopy="true"
                              name="mct-Load-4th-record-eLoHJC1aZ2EeJ7Z7Ft2MUv">
                  <description/>
                  <tags/>
                  <detail>
                     <field label="TaskProperties Parameters"
                            name="taskProperties"
                            nullable="true"
                            required="false"
                            type="reference"/>
                     <field label="Output Parameters"
                            name="output"
                            nullable="true"
                            required="false"
                            type="reference"/>
                     <field label="Fault"
                            name="fault"
                            nullable="true"
                            required="false"
                            type="reference"/>
                     <field label="Max Wait (Seconds)"
                            name="Max_Wait"
                            nullable="true"
                            required="false"
                            type="int"/>
                  </detail>
               </processObject>
            </dependencies>
         </taskflow>
      </types1:Entry>
      <types1:GUID>5ZiSxtOK07zgT6KgVPiUiO</types1:GUID>
      <types1:DisplayName>tf_parallel</types1:DisplayName>
   </types1:Item>
   <types1:CurrentServerDateTime>2025-10-17T20:09:11.184Z</types1:CurrentServerDateTime>
</aetgt:getResponse>
