objectPath,objectName,objectType,id
/Explore/Default,tf_dimension_loads,TASKFLOW,caQnESHKWKYgmS2HbCUCOM
/Explore/Default,m_data_availability,DTEMPLATE,lIpnHw6by4rbWxcoV68tO1
/Explore/Default,m_SCD_Type2_Date_MD5,DTEMPLATE,1NHDb4FVp5OkyKD8ME7SK0
/SYS,Oracle_Tgt,Connection,5BxBm1I69VCgs8TjLDOkiE
/SYS,Oracle_Src,Connection,afZLb4noploimRamr6E6Qb
/Explore/Default,mct_m_SCD_Type2_Flag,MTT,b2dzxQ2zF0eaZSy9YlEuIn
/Explore/Default,tf_single_task,TASKFLOW,1Oa95Z3Lz4jflXJ3R9uag9
/Explore/Default,mct_Load_4th_record,MTT,eLoHJC1aZ2EeJ7Z7Ft2MUv
/Explore/Default,m_Load_every_4th_record,DTEMPLATE,3yC5M3zh39Wb76lR4EMdSt
/SYS,NIC,AgentGroup,3CNHn7EHKSxfWOUm6LkL0F
/Explore,Default,Project,kNAhnusizstcDgRIYbYtuZ
/Explore/Default,mct_m_SCD_Type2_Date_MD5,MTT,3O71BulSPaRjYqsIuf08eg
/Explore/Default,m_SCD_Type2_Flag,DTEMPLATE,ajjJNmZkODObHigFRKOkOT
/Explore/Default,mtt_data_availability,MTT,2uDyUe6cfHbhnESPBIrjQn