{
  "name" : "tf_dimension_loads-1760639741312",
  "sourceOrgId" : "3dsDMwTTIXkbBEjWg1rTwH",
  "sourceOrgName" : "Shashi IICS",
  "exportedObjects" : [ {
    "objectGuid" : "caQnESHKWKYgmS2HbCUCOM",
    "objectName" : "tf_dimension_loads",
    "objectType" : "TASKFLOW",
    "path" : "/Explore/Default",
    "providerName" : null,
    "metadata" : {
      "modelVersion" : {
        "major" : 1,
        "minor" : 0
      },
      "repoInfo" : {
        "repoHandle" : "Hy2uI5CUP9WYVMP-gt-22301591-2025-10-06T11:09:02.532Z::tf.xml"
      },
      "objectRefs" : [ "b2dzxQ2zF0eaZSy9YlEuIn", "3O71BulSPaRjYqsIuf08eg", "1Oa95Z3Lz4jflXJ3R9uag9", "2uDyUe6cfHbhnESPBIrjQn" ],
      "contextAttributes" : null,
      "additionalInfo" : {
        "description" : "",
        "contentType" : "application/json; charset=utf-8",
        "documentState" : "VALID"
      }
    }
  }, {
    "objectGuid" : "lIpnHw6by4rbWxcoV68tO1",
    "objectName" : "m_data_availability",
    "objectType" : "DTEMPLATE",
    "path" : "/Explore/Default",
    "providerName" : null,
    "metadata" : {
      "modelVersion" : {
        "major" : 0,
        "minor" : 0
      },
      "repoInfo" : {
        "repoHandle" : "01DH6N1700000000004Q"
      },
      "objectRefs" : [ "afZLb4noploimRamr6E6Qb", "5BxBm1I69VCgs8TjLDOkiE" ],
      "contextAttributes" : [ {
        "name" : "id",
        "value" : "@1"
      } ],
      "additionalInfo" : {
        "description" : "",
        "contentType" : "JSON",
        "documentState" : "VALID"
      }
    }
  }, {
    "objectGuid" : "1NHDb4FVp5OkyKD8ME7SK0",
    "objectName" : "m_SCD_Type2_Date_MD5",
    "objectType" : "DTEMPLATE",
    "path" : "/Explore/Default",
    "providerName" : null,
    "metadata" : {
      "modelVersion" : {
        "major" : 0,
        "minor" : 0
      },
      "repoInfo" : {
        "repoHandle" : "01DH6N1700000000002X"
      },
      "objectRefs" : [ "afZLb4noploimRamr6E6Qb", "5BxBm1I69VCgs8TjLDOkiE" ],
      "contextAttributes" : [ {
        "name" : "id",
        "value" : "@1"
      } ],
      "additionalInfo" : {
        "description" : "",
        "contentType" : "JSON",
        "documentState" : "VALID"
      }
    }
  }, {
    "objectGuid" : "5BxBm1I69VCgs8TjLDOkiE",
    "objectName" : "Oracle_Tgt",
    "objectType" : "Connection",
    "path" : "/SYS",
    "providerName" : null,
    "metadata" : {
      "modelVersion" : {
        "major" : 0,
        "minor" : 0
      },
      "repoInfo" : {
        "repoHandle" : "01DH6N0B000000000007"
      },
      "objectRefs" : [ "3CNHn7EHKSxfWOUm6LkL0F" ],
      "contextAttributes" : [ {
        "name" : "id",
        "value" : "@1"
      } ],
      "additionalInfo" : {
        "description" : null,
        "contentType" : "JSON",
        "documentState" : "COMPLETE"
      }
    }
  }, {
    "objectGuid" : "afZLb4noploimRamr6E6Qb",
    "objectName" : "Oracle_Src",
    "objectType" : "Connection",
    "path" : "/SYS",
    "providerName" : null,
    "metadata" : {
      "modelVersion" : {
        "major" : 0,
        "minor" : 0
      },
      "repoInfo" : {
        "repoHandle" : "01DH6N0B000000000002"
      },
      "objectRefs" : [ "3CNHn7EHKSxfWOUm6LkL0F" ],
      "contextAttributes" : [ {
        "name" : "id",
        "value" : "@1"
      } ],
      "additionalInfo" : {
        "description" : null,
        "contentType" : "JSON",
        "documentState" : "COMPLETE"
      }
    }
  }, {
    "objectGuid" : "b2dzxQ2zF0eaZSy9YlEuIn",
    "objectName" : "mct_m_SCD_Type2_Flag",
    "objectType" : "MTT",
    "path" : "/Explore/Default",
    "providerName" : null,
    "metadata" : {
      "modelVersion" : {
        "major" : 0,
        "minor" : 0
      },
      "repoInfo" : {
        "repoHandle" : "01DH6N0Z000000000016"
      },
      "objectRefs" : [ "3CNHn7EHKSxfWOUm6LkL0F", "afZLb4noploimRamr6E6Qb", "5BxBm1I69VCgs8TjLDOkiE", "ajjJNmZkODObHigFRKOkOT" ],
      "contextAttributes" : [ {
        "name" : "id",
        "value" : "@1"
      } ],
      "additionalInfo" : {
        "description" : null,
        "contentType" : "JSON",
        "documentState" : "VALID"
      }
    }
  }, {
    "objectGuid" : "1Oa95Z3Lz4jflXJ3R9uag9",
    "objectName" : "tf_single_task",
    "objectType" : "TASKFLOW",
    "path" : "/Explore/Default",
    "providerName" : null,
    "metadata" : {
      "modelVersion" : {
        "major" : 1,
        "minor" : 0
      },
      "repoInfo" : {
        "repoHandle" : "7VPTlGUGeFRqXpI-gt-22301495-2025-10-06T11:08:59.936Z::tf.xml"
      },
      "objectRefs" : [ "3O71BulSPaRjYqsIuf08eg", "eLoHJC1aZ2EeJ7Z7Ft2MUv" ],
      "contextAttributes" : null,
      "additionalInfo" : {
        "description" : "",
        "contentType" : "application/json; charset=utf-8",
        "documentState" : "VALID"
      }
    }
  }, {
    "objectGuid" : "eLoHJC1aZ2EeJ7Z7Ft2MUv",
    "objectName" : "mct_Load_4th_record",
    "objectType" : "MTT",
    "path" : "/Explore/Default",
    "providerName" : null,
    "metadata" : {
      "modelVersion" : {
        "major" : 0,
        "minor" : 0
      },
      "repoInfo" : {
        "repoHandle" : "01DH6N0Z000000000018"
      },
      "objectRefs" : [ "3yC5M3zh39Wb76lR4EMdSt", "3CNHn7EHKSxfWOUm6LkL0F", "afZLb4noploimRamr6E6Qb", "5BxBm1I69VCgs8TjLDOkiE" ],
      "contextAttributes" : [ {
        "name" : "id",
        "value" : "@1"
      } ],
      "additionalInfo" : {
        "description" : null,
        "contentType" : "JSON",
        "documentState" : "VALID"
      }
    }
  }, {
    "objectGuid" : "3yC5M3zh39Wb76lR4EMdSt",
    "objectName" : "m_Load_every_4th_record",
    "objectType" : "DTEMPLATE",
    "path" : "/Explore/Default",
    "providerName" : null,
    "metadata" : {
      "modelVersion" : {
        "major" : 0,
        "minor" : 0
      },
      "repoInfo" : {
        "repoHandle" : "01DH6N1700000000005G"
      },
      "objectRefs" : [ "afZLb4noploimRamr6E6Qb", "5BxBm1I69VCgs8TjLDOkiE" ],
      "contextAttributes" : [ {
        "name" : "id",
        "value" : "@1"
      } ],
      "additionalInfo" : {
        "description" : "",
        "contentType" : "JSON",
        "documentState" : "VALID"
      }
    }
  }, {
    "objectGuid" : "3CNHn7EHKSxfWOUm6LkL0F",
    "objectName" : "NIC",
    "objectType" : "AgentGroup",
    "path" : "/SYS",
    "providerName" : null,
    "metadata" : {
      "modelVersion" : {
        "major" : 0,
        "minor" : 0
      },
      "repoInfo" : {
        "repoHandle" : "01DH6N25000000000002"
      },
      "objectRefs" : [ ],
      "contextAttributes" : [ {
        "name" : "id",
        "value" : "@1"
      } ],
      "additionalInfo" : {
        "description" : null,
        "contentType" : "JSON",
        "documentState" : "VALID"
      }
    }
  }, {
    "objectGuid" : "kNAhnusizstcDgRIYbYtuZ",
    "objectName" : "Default",
    "objectType" : "Project",
    "path" : "/Explore",
    "providerName" : null,
    "metadata" : {
      "modelVersion" : {
        "major" : 0,
        "minor" : 0
      },
      "repoInfo" : null,
      "objectRefs" : [ ],
      "contextAttributes" : [ {
        "name" : "IS_DEF_LOC",
        "value" : "true"
      } ],
      "additionalInfo" : {
        "description" : "Auto-generated Default Project",
        "contentType" : null,
        "documentState" : "COMPLETE"
      }
    }
  }, {
    "objectGuid" : "3O71BulSPaRjYqsIuf08eg",
    "objectName" : "mct_m_SCD_Type2_Date_MD5",
    "objectType" : "MTT",
    "path" : "/Explore/Default",
    "providerName" : null,
    "metadata" : {
      "modelVersion" : {
        "major" : 0,
        "minor" : 0
      },
      "repoInfo" : {
        "repoHandle" : "01DH6N0Z00000000001B"
      },
      "objectRefs" : [ "3CNHn7EHKSxfWOUm6LkL0F", "1NHDb4FVp5OkyKD8ME7SK0", "afZLb4noploimRamr6E6Qb", "5BxBm1I69VCgs8TjLDOkiE" ],
      "contextAttributes" : [ {
        "name" : "id",
        "value" : "@1"
      } ],
      "additionalInfo" : {
        "description" : null,
        "contentType" : "JSON",
        "documentState" : "VALID"
      }
    }
  }, {
    "objectGuid" : "ajjJNmZkODObHigFRKOkOT",
    "objectName" : "m_SCD_Type2_Flag",
    "objectType" : "DTEMPLATE",
    "path" : "/Explore/Default",
    "providerName" : null,
    "metadata" : {
      "modelVersion" : {
        "major" : 0,
        "minor" : 0
      },
      "repoInfo" : {
        "repoHandle" : "01DH6N1700000000004T"
      },
      "objectRefs" : [ "afZLb4noploimRamr6E6Qb", "5BxBm1I69VCgs8TjLDOkiE" ],
      "contextAttributes" : [ {
        "name" : "id",
        "value" : "@1"
      } ],
      "additionalInfo" : {
        "description" : "",
        "contentType" : "JSON",
        "documentState" : "VALID"
      }
    }
  }, {
    "objectGuid" : "2uDyUe6cfHbhnESPBIrjQn",
    "objectName" : "mtt_data_availability",
    "objectType" : "MTT",
    "path" : "/Explore/Default",
    "providerName" : null,
    "metadata" : {
      "modelVersion" : {
        "major" : 0,
        "minor" : 0
      },
      "repoInfo" : {
        "repoHandle" : "01DH6N0Z000000000012"
      },
      "objectRefs" : [ "lIpnHw6by4rbWxcoV68tO1", "3CNHn7EHKSxfWOUm6LkL0F", "afZLb4noploimRamr6E6Qb", "5BxBm1I69VCgs8TjLDOkiE" ],
      "contextAttributes" : [ {
        "name" : "id",
        "value" : "@1"
      } ],
      "additionalInfo" : {
        "description" : null,
        "contentType" : "JSON",
        "documentState" : "VALID"
      }
    }
  } ]
}