{
  "name" : "m_SCD_Type2_Date_MD5-1760598422694",
  "sourceOrgId" : "3dsDMwTTIXkbBEjWg1rTwH",
  "sourceOrgName" : "Shashi IICS",
  "exportedObjects" : [ {
    "objectGuid" : "1NHDb4FVp5OkyKD8ME7SK0",
    "objectName" : "m_SCD_Type2_Date_MD5",
    "objectType" : "DTEMPLATE",
    "path" : "/Explore/Default",
    "providerName" : null,
    "metadata" : {
      "modelVersion" : {
        "major" : 0,
        "minor" : 0
      },
      "repoInfo" : {
        "repoHandle" : "01DH6N1700000000002X"
      },
      "objectRefs" : [ "afZLb4noploimRamr6E6Qb", "5BxBm1I69VCgs8TjLDOkiE" ],
      "contextAttributes" : [ {
        "name" : "id",
        "value" : "@1"
      } ],
      "additionalInfo" : {
        "description" : "",
        "contentType" : "JSON",
        "documentState" : "VALID"
      }
    }
  }, {
    "objectGuid" : "3CNHn7EHKSxfWOUm6LkL0F",
    "objectName" : "NIC",
    "objectType" : "AgentGroup",
    "path" : "/SYS",
    "providerName" : null,
    "metadata" : {
      "modelVersion" : {
        "major" : 0,
        "minor" : 0
      },
      "repoInfo" : {
        "repoHandle" : "01DH6N25000000000002"
      },
      "objectRefs" : [ ],
      "contextAttributes" : [ {
        "name" : "id",
        "value" : "@1"
      } ],
      "additionalInfo" : {
        "description" : null,
        "contentType" : "JSON",
        "documentState" : "VALID"
      }
    }
  }, {
    "objectGuid" : "kNAhnusizstcDgRIYbYtuZ",
    "objectName" : "Default",
    "objectType" : "Project",
    "path" : "/Explore",
    "providerName" : null,
    "metadata" : {
      "modelVersion" : {
        "major" : 0,
        "minor" : 0
      },
      "repoInfo" : null,
      "objectRefs" : [ ],
      "contextAttributes" : [ {
        "name" : "IS_DEF_LOC",
        "value" : "true"
      } ],
      "additionalInfo" : {
        "description" : "Auto-generated Default Project",
        "contentType" : null,
        "documentState" : "COMPLETE"
      }
    }
  }, {
    "objectGuid" : "5BxBm1I69VCgs8TjLDOkiE",
    "objectName" : "Oracle_Tgt",
    "objectType" : "Connection",
    "path" : "/SYS",
    "providerName" : null,
    "metadata" : {
      "modelVersion" : {
        "major" : 0,
        "minor" : 0
      },
      "repoInfo" : {
        "repoHandle" : "01DH6N0B000000000007"
      },
      "objectRefs" : [ "3CNHn7EHKSxfWOUm6LkL0F" ],
      "contextAttributes" : [ {
        "name" : "id",
        "value" : "@1"
      } ],
      "additionalInfo" : {
        "description" : null,
        "contentType" : "JSON",
        "documentState" : "COMPLETE"
      }
    }
  }, {
    "objectGuid" : "afZLb4noploimRamr6E6Qb",
    "objectName" : "Oracle_Src",
    "objectType" : "Connection",
    "path" : "/SYS",
    "providerName" : null,
    "metadata" : {
      "modelVersion" : {
        "major" : 0,
        "minor" : 0
      },
      "repoInfo" : {
        "repoHandle" : "01DH6N0B000000000002"
      },
      "objectRefs" : [ "3CNHn7EHKSxfWOUm6LkL0F" ],
      "contextAttributes" : [ {
        "name" : "id",
        "value" : "@1"
      } ],
      "additionalInfo" : {
        "description" : null,
        "contentType" : "JSON",
        "documentState" : "COMPLETE"
      }
    }
  } ]
}