<aetgt:getResponse xmlns:aetgt="http://schemas.active-endpoints.com/appmodules/repository/2010/10/avrepository.xsd"
                   xmlns:types1="http://schemas.active-endpoints.com/appmodules/repository/2010/10/avrepository.xsd">
   <types1:Item>
      <types1:EntryId>K1g7Gaaa-gt-24177028-2025-10-06T11:08:57.581Z::tf.xml</types1:EntryId>
      <types1:Name>tf_Parallel_decision</types1:Name>
      <types1:MimeType>application/xml+taskflow</types1:MimeType>
      <types1:Description/>
      <types1:AppliesTo/>
      <types1:Tags/>
      <types1:VersionLabel>1.0</types1:VersionLabel>
      <types1:State>CURRENT</types1:State>
      <types1:ProcessGroup/>
      <types1:CreatedBy>shashiskyrocketflyer@gmail.com</types1:CreatedBy>
      <types1:CreationDate>2025-10-06T11:08:58Z</types1:CreationDate>
      <types1:ModifiedBy>shashiskyrocketflyer@gmail.com</types1:ModifiedBy>
      <types1:ModificationDate>2025-10-17T12:46:48Z</types1:ModificationDate>
      <types1:PublicationStatus>unpublished</types1:PublicationStatus>
      <types1:Entry>
         <taskflow xmlns="http://schemas.active-endpoints.com/appmodules/screenflow/2010/10/avosScreenflow.xsd"
                   xmlns:tfm="http://schemas.active-endpoints.com/appmodules/screenflow/2021/04/taskflowModel.xsd"
                   xmlns:list="urn:activevos:spi:list:functions"
                   displayName="tf_Parallel_decision"
                   name="tf_Parallel_decision"
                   overrideAPIName="false">
            <parameterSet xmlns="http://schemas.active-endpoints.com/appmodules/screenflow/2021/04/taskflowModel.xsd"/>
            <appliesTo/>
            <description/>
            <tags/>
            <generator>Informatica Process Designer 11</generator>
            <tempFields>
               <field description="" name="DT_Customers_Load" type="reference">
                  <options>
                     <option name="referenceTo">$po:mct-ins-delete-upd-6ChId99ncYdkATF3YOWs26</option>
                  </options>
               </field>
               <field description="" name="DT_Products_Load" type="reference">
                  <options>
                     <option name="referenceTo">$po:mct-seq1-jDhpwcRgui8cp5Lb6HgmOM</option>
                  </options>
               </field>
               <field description="" name="DT_Vendors_Load" type="reference">
                  <options>
                     <option name="failOnNotRun">false</option>
                     <option name="failOnFault">true</option>
                     <option name="referenceTo">$po:PowerCenter-Task4-dAx8lW5D22ijMQByGHGdSI</option>
                  </options>
               </field>
               <field description="" name="DT_Sales_Fact_Load" type="reference">
                  <options>
                     <option name="failOnNotRun">false</option>
                     <option name="failOnFault">false</option>
                     <option name="referenceTo">$po:mct-Source-Transformation-3aikuhjfxQ0ePc1MFQrCof</option>
                  </options>
               </field>
               <field description="" name="DT_Inventory_Fact_Load" type="reference">
                  <options>
                     <option name="failOnNotRun">false</option>
                     <option name="failOnFault">false</option>
                     <option name="referenceTo">$po:PowerCenter-Task3-4V731ktR627ffO3f6m5KwP</option>
                  </options>
               </field>
            </tempFields>
            <notes/>
            <deployment skipIfRunning="false" suspendOnFault="false" tracingLevel="verbose">
               <rest/>
            </deployment>
            <extData>
               <nvpair name="treatEmptyStringAsNotNull">false</nvpair>
               <nvpair name="treatEmptyObjectListAsArray">false</nvpair>
            </extData>
            <flow id="a">
               <start id="b">
                  <link id="j3wgfeko" targetId="j3wgfekn"/>
               </start>
               <container id="j3wgfekn" type="parallel">
                  <title>Parallel Paths 1</title>
                  <flow id="j3wgfekr">
                     <eventContainer id="mcoq54ma">
                        <service id="j3wgfel2">
                           <title>DT_Customers_Load</title>
                           <serviceName>ICSExecuteDataTask</serviceName>
                           <serviceGUID/>
                           <serviceInput>
                              <parameter name="Wait for Task to Complete" source="constant" updatable="true">true</parameter>
                              <parameter name="Max Wait" source="constant" updatable="true">604800</parameter>
                              <parameter name="Task Name" source="constant" updatable="true">mct_ins_delete_upd</parameter>
                              <parameter name="GUID" source="constant" updatable="true">6ChId99ncYdkATF3YOWs26</parameter>
                              <parameter name="Task Type" source="constant" updatable="true">MCT</parameter>
                              <parameter name="Has Inout Parameters" source="constant" updatable="true">false</parameter>
                              <parameter name="taskField" source="nested">
                                 <operation source="field" to="mct-ins-delete-upd-6ChId99ncYdkATF3YOWs26">temp.DT_Customers_Load</operation>
                              </parameter>
                           </serviceInput>
                           <serviceOutput>
                              <operation source="field" to="temp.Data Task 1/output/Object_Name">Object Name</operation>
                              <operation source="field" to="temp.Data Task 1/output/Run_Id">Run Id</operation>
                              <operation source="field" to="temp.Data Task 1/output/Log_Id">Log Id</operation>
                              <operation source="field" to="temp.Data Task 1/output/Task_Id">Task Id</operation>
                              <operation source="field" to="temp.Data Task 1/output/Task_Status">Task Status</operation>
                              <operation source="field" to="temp.Data Task 1/output/Success_Source_Rows">Success Source Rows</operation>
                              <operation source="field" to="temp.Data Task 1/output/Failed_Source_Rows">Failed Source Rows</operation>
                              <operation source="field" to="temp.Data Task 1/output/Success_Target_Rows">Success Target Rows</operation>
                              <operation source="field" to="temp.Data Task 1/output/Failed_Target_Rows">Failed Target Rows</operation>
                              <operation source="field" to="temp.Data Task 1/output/Start_Time">Start Time</operation>
                              <operation source="field" to="temp.Data Task 1/output/End_Time">End Time</operation>
                              <operation source="field" to="temp.Data Task 1/output/Error_Message">Error Message</operation>
                              <operation source="field" to="temp.Data Task 1/output/TotalTransErrors">Total Transformation Errors</operation>
                              <operation source="field" to="temp.Data Task 1/output/FirstErrorCode">First Error Code</operation>
                           </serviceOutput>
                        </service>
                        <events>
                           <catch faultField="temp.Data Task 1/fault"
                                  id="mcoq54m8"
                                  interrupting="true"
                                  name="error">
                              <suspend/>
                           </catch>
                           <catch faultField="temp.Data Task 1/fault"
                                  id="mcoq54m9"
                                  interrupting="true"
                                  name="warning"/>
                        </events>
                     </eventContainer>
                     <link id="j3wgfeks" targetId="j3wgfekn" type="containerLink"/>
                  </flow>
                  <flow id="j3wgfeku">
                     <eventContainer id="mcoq54ni">
                        <service id="j3wgfelc">
                           <title>DT_Products_Load</title>
                           <serviceName>ICSExecuteDataTask</serviceName>
                           <serviceGUID/>
                           <serviceInput>
                              <parameter name="Wait for Task to Complete" source="constant" updatable="true">true</parameter>
                              <parameter name="Max Wait" source="constant" updatable="true">604800</parameter>
                              <parameter name="Task Name" source="constant" updatable="true">mct_seq1</parameter>
                              <parameter name="GUID" source="constant" updatable="true">jDhpwcRgui8cp5Lb6HgmOM</parameter>
                              <parameter name="Task Type" source="constant" updatable="true">MCT</parameter>
                              <parameter name="Has Inout Parameters" source="constant" updatable="true">false</parameter>
                              <parameter name="taskField" source="nested">
                                 <operation source="field" to="mct-seq1-jDhpwcRgui8cp5Lb6HgmOM">temp.DT_Products_Load</operation>
                              </parameter>
                           </serviceInput>
                           <serviceOutput>
                              <operation source="field" to="temp.Data Task 2/output/Object_Name">Object Name</operation>
                              <operation source="field" to="temp.Data Task 2/output/Run_Id">Run Id</operation>
                              <operation source="field" to="temp.Data Task 2/output/Log_Id">Log Id</operation>
                              <operation source="field" to="temp.Data Task 2/output/Task_Id">Task Id</operation>
                              <operation source="field" to="temp.Data Task 2/output/Task_Status">Task Status</operation>
                              <operation source="field" to="temp.Data Task 2/output/Success_Source_Rows">Success Source Rows</operation>
                              <operation source="field" to="temp.Data Task 2/output/Failed_Source_Rows">Failed Source Rows</operation>
                              <operation source="field" to="temp.Data Task 2/output/Success_Target_Rows">Success Target Rows</operation>
                              <operation source="field" to="temp.Data Task 2/output/Failed_Target_Rows">Failed Target Rows</operation>
                              <operation source="field" to="temp.Data Task 2/output/Start_Time">Start Time</operation>
                              <operation source="field" to="temp.Data Task 2/output/End_Time">End Time</operation>
                              <operation source="field" to="temp.Data Task 2/output/Error_Message">Error Message</operation>
                              <operation source="field" to="temp.Data Task 2/output/TotalTransErrors">Total Transformation Errors</operation>
                              <operation source="field" to="temp.Data Task 2/output/FirstErrorCode">First Error Code</operation>
                           </serviceOutput>
                        </service>
                        <events>
                           <catch faultField="temp.Data Task 2/fault"
                                  id="mcoq54ng"
                                  interrupting="true"
                                  name="error">
                              <suspend/>
                           </catch>
                           <catch faultField="temp.Data Task 2/fault"
                                  id="mcoq54nh"
                                  interrupting="true"
                                  name="warning"/>
                        </events>
                     </eventContainer>
                     <link id="j3wgfekv" targetId="j3wgfekn" type="containerLink"/>
                  </flow>
                  <flow id="mcoq54o7">
                     <eventContainer id="mcoq54p7">
                        <service id="mcoq54og">
                           <title>DT_Vendors_Load</title>
                           <serviceName>ICSExecuteDataTask</serviceName>
                           <serviceGUID/>
                           <serviceInput>
                              <parameter name="Wait for Task to Complete" source="constant" updatable="true">true</parameter>
                              <parameter name="Max Wait" source="constant" updatable="true">604800</parameter>
                              <parameter name="Task Name" source="constant" updatable="true">PowerCenter Task4</parameter>
                              <parameter name="GUID" source="constant" updatable="true">dAx8lW5D22ijMQByGHGdSI</parameter>
                              <parameter name="Task Type" source="constant" updatable="true">SAAS_PCTASK</parameter>
                              <parameter name="Has Inout Parameters" source="constant" updatable="true">false</parameter>
                              <parameter name="taskField" source="nested">
                                 <operation source="field" to="PowerCenter-Task4-dAx8lW5D22ijMQByGHGdSI">temp.DT_Vendors_Load</operation>
                              </parameter>
                           </serviceInput>
                           <serviceOutput>
                              <operation source="field" to="temp.Data Task 3/output/Object_Name">Object Name</operation>
                              <operation source="field" to="temp.Data Task 3/output/Run_Id">Run Id</operation>
                              <operation source="field" to="temp.Data Task 3/output/Log_Id">Log Id</operation>
                              <operation source="field" to="temp.Data Task 3/output/Task_Id">Task Id</operation>
                              <operation source="field" to="temp.Data Task 3/output/Task_Status">Task Status</operation>
                              <operation source="field" to="temp.Data Task 3/output/Success_Source_Rows">Success Source Rows</operation>
                              <operation source="field" to="temp.Data Task 3/output/Failed_Source_Rows">Failed Source Rows</operation>
                              <operation source="field" to="temp.Data Task 3/output/Success_Target_Rows">Success Target Rows</operation>
                              <operation source="field" to="temp.Data Task 3/output/Failed_Target_Rows">Failed Target Rows</operation>
                              <operation source="field" to="temp.Data Task 3/output/Start_Time">Start Time</operation>
                              <operation source="field" to="temp.Data Task 3/output/End_Time">End Time</operation>
                              <operation source="field" to="temp.Data Task 3/output/Error_Message">Error Message</operation>
                              <operation source="field" to="temp.Data Task 3/output/TotalTransErrors">Total Transformation Errors</operation>
                              <operation source="field" to="temp.Data Task 3/output/FirstErrorCode">First Error Code</operation>
                           </serviceOutput>
                        </service>
                        <events>
                           <catch faultField="temp.Data Task 3/fault"
                                  id="mcoq54p5"
                                  interrupting="true"
                                  name="error">
                              <suspend/>
                           </catch>
                           <catch faultField="temp.Data Task 3/fault"
                                  id="mcoq54p6"
                                  interrupting="true"
                                  name="warning"/>
                        </events>
                     </eventContainer>
                     <link id="mcoq54o8" targetId="j3wgfekn" type="containerLink"/>
                  </flow>
                  <link id="j3wgfekq" targetId="j3wgfekr" type="containerLink"/>
                  <link id="j3wgfekt" targetId="j3wgfeku" type="containerLink"/>
                  <link id="mcoq54o6" targetId="mcoq54o7" type="containerLink"/>
                  <link id="mcoq54py" targetId="mcoq54px"/>
               </container>
               <container id="mcoq54px" type="parallel">
                  <title>Parallel Paths 2</title>
                  <flow id="mcoq54q1">
                     <eventContainer id="mcoq54rj">
                        <service id="mcoq54qf">
                           <title>DT_Sales_Fact_Load</title>
                           <serviceName>ICSExecuteDataTask</serviceName>
                           <serviceGUID/>
                           <serviceInput>
                              <parameter name="Wait for Task to Complete" source="constant" updatable="true">true</parameter>
                              <parameter name="Max Wait" source="constant" updatable="true">604800</parameter>
                              <parameter name="Task Name" source="constant" updatable="true">mct_Source_Transformation</parameter>
                              <parameter name="GUID" source="constant" updatable="true">3aikuhjfxQ0ePc1MFQrCof</parameter>
                              <parameter name="Task Type" source="constant" updatable="true">MCT</parameter>
                              <parameter name="Has Inout Parameters" source="constant" updatable="true">false</parameter>
                              <parameter name="taskField" source="nested">
                                 <operation source="field" to="mct-Source-Transformation-3aikuhjfxQ0ePc1MFQrCof">temp.DT_Sales_Fact_Load</operation>
                              </parameter>
                           </serviceInput>
                           <serviceOutput>
                              <operation source="field" to="temp.Data Task 4/output/Object_Name">Object Name</operation>
                              <operation source="field" to="temp.Data Task 4/output/Run_Id">Run Id</operation>
                              <operation source="field" to="temp.Data Task 4/output/Log_Id">Log Id</operation>
                              <operation source="field" to="temp.Data Task 4/output/Task_Id">Task Id</operation>
                              <operation source="field" to="temp.Data Task 4/output/Task_Status">Task Status</operation>
                              <operation source="field" to="temp.Data Task 4/output/Success_Source_Rows">Success Source Rows</operation>
                              <operation source="field" to="temp.Data Task 4/output/Failed_Source_Rows">Failed Source Rows</operation>
                              <operation source="field" to="temp.Data Task 4/output/Success_Target_Rows">Success Target Rows</operation>
                              <operation source="field" to="temp.Data Task 4/output/Failed_Target_Rows">Failed Target Rows</operation>
                              <operation source="field" to="temp.Data Task 4/output/Start_Time">Start Time</operation>
                              <operation source="field" to="temp.Data Task 4/output/End_Time">End Time</operation>
                              <operation source="field" to="temp.Data Task 4/output/Error_Message">Error Message</operation>
                              <operation source="field" to="temp.Data Task 4/output/TotalTransErrors">Total Transformation Errors</operation>
                              <operation source="field" to="temp.Data Task 4/output/FirstErrorCode">First Error Code</operation>
                           </serviceOutput>
                        </service>
                        <events>
                           <catch faultField="temp.Data Task 4/fault"
                                  id="mcoq54rh"
                                  interrupting="true"
                                  name="error">
                              <suspend/>
                           </catch>
                           <catch faultField="temp.Data Task 4/fault"
                                  id="mcoq54ri"
                                  interrupting="true"
                                  name="warning"/>
                        </events>
                     </eventContainer>
                     <link id="mcoq54q2" targetId="mcoq54px" type="containerLink"/>
                  </flow>
                  <flow id="mcoq54q4">
                     <eventContainer id="mcoq54ss">
                        <service id="mcoq54qq">
                           <title>DT_Inventory_Fact_Load</title>
                           <serviceName>ICSExecuteDataTask</serviceName>
                           <serviceGUID/>
                           <serviceInput>
                              <parameter name="Wait for Task to Complete" source="constant" updatable="true">true</parameter>
                              <parameter name="Max Wait" source="constant" updatable="true">604800</parameter>
                              <parameter name="Task Name" source="constant" updatable="true">PowerCenter Task3</parameter>
                              <parameter name="GUID" source="constant" updatable="true">4V731ktR627ffO3f6m5KwP</parameter>
                              <parameter name="Task Type" source="constant" updatable="true">SAAS_PCTASK</parameter>
                              <parameter name="Has Inout Parameters" source="constant" updatable="true">false</parameter>
                              <parameter name="taskField" source="nested">
                                 <operation source="field" to="PowerCenter-Task3-4V731ktR627ffO3f6m5KwP">temp.DT_Inventory_Fact_Load</operation>
                              </parameter>
                           </serviceInput>
                           <serviceOutput>
                              <operation source="field" to="temp.Data Task 5/output/Object_Name">Object Name</operation>
                              <operation source="field" to="temp.Data Task 5/output/Run_Id">Run Id</operation>
                              <operation source="field" to="temp.Data Task 5/output/Log_Id">Log Id</operation>
                              <operation source="field" to="temp.Data Task 5/output/Task_Id">Task Id</operation>
                              <operation source="field" to="temp.Data Task 5/output/Task_Status">Task Status</operation>
                              <operation source="field" to="temp.Data Task 5/output/Success_Source_Rows">Success Source Rows</operation>
                              <operation source="field" to="temp.Data Task 5/output/Failed_Source_Rows">Failed Source Rows</operation>
                              <operation source="field" to="temp.Data Task 5/output/Success_Target_Rows">Success Target Rows</operation>
                              <operation source="field" to="temp.Data Task 5/output/Failed_Target_Rows">Failed Target Rows</operation>
                              <operation source="field" to="temp.Data Task 5/output/Start_Time">Start Time</operation>
                              <operation source="field" to="temp.Data Task 5/output/End_Time">End Time</operation>
                              <operation source="field" to="temp.Data Task 5/output/Error_Message">Error Message</operation>
                              <operation source="field" to="temp.Data Task 5/output/TotalTransErrors">Total Transformation Errors</operation>
                              <operation source="field" to="temp.Data Task 5/output/FirstErrorCode">First Error Code</operation>
                           </serviceOutput>
                        </service>
                        <events>
                           <catch faultField="temp.Data Task 5/fault"
                                  id="mcoq54sq"
                                  interrupting="true"
                                  name="error">
                              <suspend/>
                           </catch>
                           <catch faultField="temp.Data Task 5/fault"
                                  id="mcoq54sr"
                                  interrupting="true"
                                  name="warning"/>
                        </events>
                     </eventContainer>
                     <link id="mcoq54q5" targetId="mcoq54px" type="containerLink"/>
                  </flow>
                  <link id="mcoq54q0" targetId="mcoq54q1" type="containerLink"/>
                  <link id="mcoq54q3" targetId="mcoq54q4" type="containerLink"/>
                  <link id="mcoq54pz" targetId="j3wgfelm"/>
               </container>
               <container id="j3wgfelm" type="exclusive">
                  <title>Decision_LoadOutcome</title>
                  <flow id="mcoq54xh">
                     <eventContainer id="mguuapc5">
                        <service id="mcoq54xu">
                           <title>N_Success</title>
                           <serviceName>emailNotificationService</serviceName>
                           <serviceGUID/>
                           <serviceInput>
                              <parameter name="Email To" source="constant">etlsnowflake76@gmail.com</parameter>
                              <parameter name="Email Cc" source="constant"/>
                              <parameter name="Email Bcc" source="constant"/>
                              <parameter name="Email Subject" source="constant"/>
                              <parameter name="Email Content Type" source="constant">text</parameter>
                              <parameter name="Email Body" source="constant"/>
                           </serviceInput>
                           <serviceOutput/>
                        </service>
                        <events>
                           <catch faultField="temp.dummyTF5895/fault"
                                  id="mguuap4e"
                                  interrupting="true"
                                  name="warning"/>
                        </events>
                     </eventContainer>
                     <link id="mcoq54xi" targetId="j3wgfelm" type="containerLink"/>
                  </flow>
                  <flow id="mcoq54xj">
                     <eventContainer id="mguuapco">
                        <service id="mcoq54z2">
                           <title>N_Failure</title>
                           <serviceName>emailNotificationService</serviceName>
                           <serviceGUID/>
                           <serviceInput>
                              <parameter name="Email To" source="constant">etlsnowflake76@gmail.com</parameter>
                              <parameter name="Email Cc" source="constant"/>
                              <parameter name="Email Bcc" source="constant"/>
                              <parameter name="Email Subject" source="constant">Any one of the tasks is failed. Please check</parameter>
                              <parameter name="Email Content Type" source="constant">text</parameter>
                              <parameter name="Email Body" source="constant"/>
                           </serviceInput>
                           <serviceOutput/>
                        </service>
                        <events>
                           <catch faultField="temp.dummyTF5895/fault"
                                  id="mguuap4l"
                                  interrupting="true"
                                  name="warning"/>
                        </events>
                     </eventContainer>
                     <link id="mcoq54xk" targetId="j3wgfelm" type="containerLink"/>
                  </flow>
                  <link id="mcoq54xf" targetId="mcoq54xh" type="containerLink">
                     <condition source="formula">
                        <function name="string-equals">
                           <arg name="left" source="formula">{if ($temp.DataTask1[1]/output[1]/Task_Status =1 and $temp.DataTask2[1]/output[1]/Task_Status = 1 and  
$temp.DataTask3[1]/output[1]/Task_Status =1 and $temp.DataTask4[1]/output[1]/Task_Status =1 and 
$temp.DataTask5[1]/output[1]/Task_Status =1) then 'pass' else 'fail'}</arg>
                           <arg name="right">pass</arg>
                        </function>
                     </condition>
                  </link>
                  <link id="mcoq54xg" targetId="mcoq54xj" type="containerLink"/>
                  <link id="j3wgfelo" targetId="c"/>
               </container>
               <end id="c"/>
            </flow>
            <dependencies>
               <processObject xmlns="http://schemas.active-endpoints.com/appmodules/screenflow/2011/06/avosHostEnvironment.xsd"
                              displayName="mct-ins-delete-upd-6ChId99ncYdkATF3YOWs26"
                              isByCopy="true"
                              name="mct-ins-delete-upd-6ChId99ncYdkATF3YOWs26">
                  <description/>
                  <tags/>
                  <detail>
                     <field label="TaskProperties Parameters"
                            name="taskProperties"
                            nullable="true"
                            required="false"
                            type="reference"/>
                     <field label="Output Parameters"
                            name="output"
                            nullable="true"
                            required="false"
                            type="reference"/>
                     <field label="Fault"
                            name="fault"
                            nullable="true"
                            required="false"
                            type="reference"/>
                     <field label="Max Wait (Seconds)"
                            name="Max_Wait"
                            nullable="true"
                            required="false"
                            type="int"/>
                  </detail>
               </processObject>
               <processObject xmlns="http://schemas.active-endpoints.com/appmodules/screenflow/2011/06/avosHostEnvironment.xsd"
                              displayName="mct-seq1-jDhpwcRgui8cp5Lb6HgmOM"
                              isByCopy="true"
                              name="mct-seq1-jDhpwcRgui8cp5Lb6HgmOM">
                  <description/>
                  <tags/>
                  <detail>
                     <field label="TaskProperties Parameters"
                            name="taskProperties"
                            nullable="true"
                            required="false"
                            type="reference"/>
                     <field label="Output Parameters"
                            name="output"
                            nullable="true"
                            required="false"
                            type="reference"/>
                     <field label="Fault"
                            name="fault"
                            nullable="true"
                            required="false"
                            type="reference"/>
                     <field label="Max Wait (Seconds)"
                            name="Max_Wait"
                            nullable="true"
                            required="false"
                            type="int"/>
                  </detail>
               </processObject>
               <processObject xmlns="http://schemas.active-endpoints.com/appmodules/screenflow/2011/06/avosHostEnvironment.xsd"
                              displayName="PowerCenter-Task4-dAx8lW5D22ijMQByGHGdSI"
                              isByCopy="true"
                              name="PowerCenter-Task4-dAx8lW5D22ijMQByGHGdSI">
                  <description/>
                  <tags/>
                  <detail>
                     <field label="Output Parameters"
                            name="output"
                            nullable="true"
                            required="false"
                            type="reference"/>
                     <field label="Fault"
                            name="fault"
                            nullable="true"
                            required="false"
                            type="reference"/>
                     <field label="Max Wait (Seconds)"
                            name="Max_Wait"
                            nullable="true"
                            required="false"
                            type="int"/>
                  </detail>
               </processObject>
               <processObject xmlns="http://schemas.active-endpoints.com/appmodules/screenflow/2011/06/avosHostEnvironment.xsd"
                              displayName="mct-Source-Transformation-3aikuhjfxQ0ePc1MFQrCof"
                              isByCopy="true"
                              name="mct-Source-Transformation-3aikuhjfxQ0ePc1MFQrCof">
                  <description/>
                  <tags/>
                  <detail>
                     <field label="TaskProperties Parameters"
                            name="taskProperties"
                            nullable="true"
                            required="false"
                            type="reference"/>
                     <field label="Output Parameters"
                            name="output"
                            nullable="true"
                            required="false"
                            type="reference"/>
                     <field label="Fault"
                            name="fault"
                            nullable="true"
                            required="false"
                            type="reference"/>
                     <field label="Max Wait (Seconds)"
                            name="Max_Wait"
                            nullable="true"
                            required="false"
                            type="int"/>
                  </detail>
               </processObject>
               <processObject xmlns="http://schemas.active-endpoints.com/appmodules/screenflow/2011/06/avosHostEnvironment.xsd"
                              displayName="PowerCenter-Task3-4V731ktR627ffO3f6m5KwP"
                              isByCopy="true"
                              name="PowerCenter-Task3-4V731ktR627ffO3f6m5KwP">
                  <description/>
                  <tags/>
                  <detail>
                     <field label="Output Parameters"
                            name="output"
                            nullable="true"
                            required="false"
                            type="reference"/>
                     <field label="Fault"
                            name="fault"
                            nullable="true"
                            required="false"
                            type="reference"/>
                     <field label="Max Wait (Seconds)"
                            name="Max_Wait"
                            nullable="true"
                            required="false"
                            type="int"/>
                  </detail>
               </processObject>
            </dependencies>
         </taskflow>
      </types1:Entry>
      <types1:GUID>5IFbnFyxczBg6iJtMejmeE</types1:GUID>
      <types1:DisplayName>tf_Parallel_decision</types1:DisplayName>
   </types1:Item>
   <types1:CurrentServerDateTime>2025-10-17T15:44:53.822Z</types1:CurrentServerDateTime>
</aetgt:getResponse>
